Time_(s), Base_Joint_Position_(rad), Shoulder_Joint_Position_(rad), Elbow_Joint_Position_(rad), Wrist_Pitch_Joint_Position_(rad), Wrist_Roll_Joint_Position_(rad)
0.000, 0.00000, 2.09925, -1.65843, -1.54994, 0.00000
0.025, -0.00000, 2.09924, -1.65842, -1.54994, -0.00002
0.050, -0.00001, 2.09919, -1.65838, -1.54992, -0.00009
0.075, -0.00002, 2.09908, -1.65828, -1.54990, -0.00026
0.100, -0.00004, 2.09886, -1.65808, -1.54985, -0.00058
0.125, -0.00008, 2.09852, -1.65777, -1.54977, -0.00109
0.150, -0.00013, 2.09801, -1.65730, -1.54966, -0.00184
0.175, -0.00020, 2.09731, -1.65667, -1.54952, -0.00286
0.200, -0.00029, 2.09638, -1.65583, -1.54933, -0.00420
0.225, -0.00040, 2.09520, -1.65475, -1.54909, -0.00591
0.250, -0.00054, 2.09372, -1.65342, -1.54879, -0.00803
0.275, -0.00071, 2.09193, -1.65180, -1.54843, -0.01060
0.300, -0.00091, 2.08980, -1.64986, -1.54800, -0.01368
0.325, -0.00115, 2.08727, -1.64757, -1.54750, -0.01729
0.350, -0.00143, 2.08434, -1.64491, -1.54693, -0.02149
0.375, -0.00175, 2.08097, -1.64185, -1.54626, -0.02632
0.400, -0.00211, 2.07716, -1.63838, -1.54551, -0.03183
0.425, -0.00252, 2.07292, -1.63451, -1.54466, -0.03805
0.450, -0.00298, 2.06824, -1.63022, -1.54370, -0.04504
0.475, -0.00349, 2.06312, -1.62552, -1.54264, -0.05283
0.500, -0.00405, 2.05756, -1.62042, -1.54147, -0.06146
0.525, -0.00466, 2.05158, -1.61490, -1.54017, -0.07093
0.550, -0.00532, 2.04519, -1.60899, -1.53875, -0.08124
0.575, -0.00603, 2.03844, -1.60272, -1.53719, -0.09239
0.600, -0.00679, 2.03135, -1.59610, -1.53550, -0.10438
0.625, -0.00761, 2.02395, -1.58918, -1.53367, -0.11721
0.650, -0.00847, 2.01628, -1.58198, -1.53169, -0.13084
0.675, -0.00939, 2.00836, -1.57452, -1.52955, -0.14522
0.700, -0.01035, 2.00024, -1.56684, -1.52725, -0.16031
0.725, -0.01137, 1.99193, -1.55896, -1.52479, -0.17607
0.750, -0.01243, 1.98347, -1.55092, -1.52215, -0.19246
0.775, -0.01355, 1.97489, -1.54273, -1.51933, -0.20942
0.800, -0.01472, 1.96622, -1.53444, -1.51633, -0.22692
0.825, -0.01594, 1.95750, -1.52606, -1.51315, -0.24492
0.850, -0.01721, 1.94875, -1.51762, -1.50976, -0.26336
0.875, -0.01853, 1.94000, -1.50916, -1.50617, -0.28220
0.900, -0.01990, 1.93125, -1.50069, -1.50238, -0.30140
0.925, -0.02132, 1.92250, -1.49223, -1.49837, -0.32092
0.950, -0.02279, 1.91375, -1.48377, -1.49415, -0.34071
0.975, -0.02431, 1.90500, -1.47530, -1.48971, -0.36072
1.000, -0.02588, 1.89625, -1.46684, -1.48505, -0.38092
1.025, -0.02751, 1.88750, -1.45837, -1.48017, -0.40126
1.050, -0.02918, 1.87875, -1.44991, -1.47507, -0.42169
1.075, -0.03091, 1.87000, -1.44144, -1.46976, -0.44217
1.100, -0.03268, 1.86125, -1.43298, -1.46423, -0.46267
1.125, -0.03451, 1.85250, -1.42451, -1.45848, -0.48316
1.150, -0.03639, 1.84375, -1.41605, -1.45251, -0.50366
1.175, -0.03831, 1.83500, -1.40758, -1.44632, -0.52415
1.200, -0.04029, 1.82625, -1.39912, -1.43992, -0.54464
1.225, -0.04232, 1.81750, -1.39065, -1.43330, -0.56514
1.250, -0.04440, 1.80875, -1.38219, -1.42648, -0.58563
1.275, -0.04653, 1.80000, -1.37372, -1.41945, -0.60613
1.300, -0.04871, 1.79125, -1.36526, -1.41223, -0.62662
1.325, -0.05094, 1.78250, -1.35679, -1.40481, -0.64711
1.350, -0.05322, 1.77375, -1.34833, -1.39721, -0.66761
1.375, -0.05556, 1.76500, -1.33986, -1.38944, -0.68810
1.400, -0.05794, 1.75625, -1.33140, -1.38148, -0.70860
1.425, -0.06037, 1.74750, -1.32293, -1.37337, -0.72909
1.450, -0.06286, 1.73875, -1.31447, -1.36509, -0.74958
1.475, -0.06539, 1.73000, -1.30600, -1.35665, -0.77008
1.500, -0.06798, 1.72125, -1.29754, -1.34807, -0.79057
1.525, -0.07062, 1.71250, -1.28907, -1.33934, -0.81106
1.550, -0.07330, 1.70375, -1.28061, -1.33047, -0.83156
1.575, -0.07604, 1.69500, -1.27214, -1.32147, -0.85205
1.600, -0.07883, 1.68625, -1.26368, -1.31234, -0.87255
1.625, -0.08167, 1.67750, -1.25521, -1.30310, -0.89304
1.650, -0.08456, 1.66875, -1.24675, -1.29374, -0.91353
1.675, -0.08750, 1.66000, -1.23828, -1.28426, -0.93403
1.700, -0.09049, 1.65125, -1.22982, -1.27469, -0.95452
1.725, -0.09352, 1.64250, -1.22135, -1.26502, -0.97502
1.750, -0.09660, 1.63375, -1.21289, -1.25526, -0.99551
1.775, -0.09972, 1.62500, -1.20442, -1.24541, -1.01600
1.800, -0.10287, 1.61625, -1.19596, -1.23548, -1.03650
1.825, -0.10606, 1.60750, -1.18749, -1.22548, -1.05699
1.850, -0.10928, 1.59875, -1.17903, -1.21541, -1.07749
1.875, -0.11253, 1.59000, -1.17056, -1.20527, -1.09798
1.900, -0.11580, 1.58125, -1.16210, -1.19508, -1.11847
1.925, -0.11909, 1.57250, -1.15364, -1.18484, -1.13897
1.950, -0.12241, 1.56375, -1.14517, -1.17455, -1.15946
1.975, -0.12574, 1.55500, -1.13671, -1.16423, -1.17995
2.000, -0.12909, 1.54625, -1.12824, -1.15387, -1.20045
2.025, -0.13245, 1.53750, -1.11978, -1.14349, -1.22094
2.050, -0.13582, 1.52875, -1.11131, -1.13308, -1.24144
2.075, -0.13919, 1.52000, -1.10285, -1.12265, -1.26193
2.100, -0.14256, 1.51125, -1.09438, -1.11222, -1.28242
2.125, -0.14594, 1.50250, -1.08592, -1.10178, -1.30292
2.150, -0.14932, 1.49375, -1.07745, -1.09134, -1.32341
2.175, -0.15269, 1.48500, -1.06899, -1.08091, -1.34391
2.200, -0.15607, 1.47625, -1.06052, -1.07047, -1.36440
2.225, -0.15944, 1.46750, -1.05206, -1.06003, -1.38489
2.250, -0.16282, 1.45875, -1.04359, -1.04959, -1.40539
2.275, -0.16619, 1.45000, -1.03513, -1.03916, -1.42588
2.300, -0.16957, 1.44125, -1.02666, -1.02872, -1.44638
2.325, -0.17295, 1.43250, -1.01820, -1.01828, -1.46687
2.350, -0.17632, 1.42375, -1.00973, -1.00784, -1.48736
2.375, -0.17970, 1.41500, -1.00127, -0.99740, -1.50786
2.400, -0.18307, 1.40625, -0.99280, -0.98697, -1.52835
2.425, -0.18645, 1.39750, -0.98434, -0.97653, -1.54884
2.450, -0.18982, 1.38875, -0.97587, -0.96609, -1.56934
2.475, -0.19320, 1.38000, -0.96741, -0.95565, -1.58983
2.500, -0.19658, 1.37125, -0.95894, -0.94521, -1.61033
2.525, -0.19995, 1.36250, -0.95048, -0.93478, -1.63082
2.550, -0.20333, 1.35375, -0.94201, -0.92434, -1.65131
2.575, -0.20670, 1.34500, -0.93355, -0.91390, -1.67181
2.600, -0.21008, 1.33625, -0.92508, -0.90346, -1.69230
2.625, -0.21346, 1.32750, -0.91662, -0.89302, -1.71280
2.650, -0.21683, 1.31875, -0.90815, -0.88259, -1.73329
2.675, -0.22021, 1.31000, -0.89969, -0.87215, -1.75378
2.700, -0.22358, 1.30125, -0.89122, -0.86171, -1.77428
2.725, -0.22696, 1.29250, -0.88276, -0.85127, -1.79477
2.750, -0.23033, 1.28375, -0.87429, -0.84084, -1.81527
2.775, -0.23371, 1.27500, -0.86583, -0.83040, -1.83576
2.800, -0.23709, 1.26625, -0.85736, -0.81996, -1.85625
2.825, -0.24046, 1.25750, -0.84890, -0.80953, -1.87675
2.850, -0.24383, 1.24875, -0.84044, -0.79911, -1.89724
2.875, -0.24720, 1.24000, -0.83197, -0.78870, -1.91773
2.900, -0.25056, 1.23125, -0.82351, -0.77832, -1.93823
2.925, -0.25391, 1.22250, -0.81504, -0.76797, -1.95872
2.950, -0.25725, 1.21375, -0.80658, -0.75765, -1.97922
2.975, -0.26057, 1.20500, -0.79811, -0.74738, -1.99971
3.000, -0.26387, 1.19625, -0.78965, -0.73715, -2.02020
3.025, -0.26715, 1.18750, -0.78118, -0.72697, -2.04070
3.050, -0.27041, 1.17875, -0.77272, -0.71685, -2.06119
3.075, -0.27363, 1.17000, -0.76425, -0.70679, -2.08169
3.100, -0.27683, 1.16125, -0.75579, -0.69680, -2.10218
3.125, -0.27999, 1.15250, -0.74732, -0.68689, -2.12267
3.150, -0.28312, 1.14375, -0.73886, -0.67706, -2.14317
3.175, -0.28621, 1.13500, -0.73039, -0.66731, -2.16366
3.200, -0.28925, 1.12625, -0.72193, -0.65766, -2.18416
3.225, -0.29225, 1.11750, -0.71346, -0.64811, -2.20465
3.250, -0.29521, 1.10875, -0.70500, -0.63866, -2.22514
3.275, -0.29811, 1.10000, -0.69653, -0.62932, -2.24564
3.300, -0.30096, 1.09125, -0.68807, -0.62010, -2.26613
3.325, -0.30376, 1.08250, -0.67960, -0.61100, -2.28662
3.350, -0.30651, 1.07375, -0.67114, -0.60203, -2.30712
3.375, -0.30921, 1.06500, -0.66267, -0.59319, -2.32761
3.400, -0.31186, 1.05625, -0.65421, -0.58449, -2.34811
3.425, -0.31446, 1.04750, -0.64574, -0.57593, -2.36860
3.450, -0.31701, 1.03875, -0.63728, -0.56753, -2.38909
3.475, -0.31951, 1.03000, -0.62881, -0.55928, -2.40959
3.500, -0.32195, 1.02125, -0.62035, -0.55120, -2.43008
3.525, -0.32435, 1.01250, -0.61188, -0.54328, -2.45058
3.550, -0.32670, 1.00375, -0.60342, -0.53554, -2.47107
3.575, -0.32899, 0.99500, -0.59495, -0.52798, -2.49156
3.600, -0.33124, 0.98625, -0.58649, -0.52061, -2.51206
3.625, -0.33343, 0.97750, -0.57802, -0.51342, -2.53255
3.650, -0.33557, 0.96875, -0.56956, -0.50644, -2.55305
3.675, -0.33766, 0.96000, -0.56109, -0.49965, -2.57354
3.700, -0.33971, 0.95125, -0.55263, -0.49308, -2.59403
3.725, -0.34170, 0.94250, -0.54416, -0.48672, -2.61453
3.750, -0.34364, 0.93375, -0.53570, -0.48058, -2.63502
3.775, -0.34553, 0.92500, -0.52723, -0.47466, -2.65551
3.800, -0.34737, 0.91625, -0.51877, -0.46896, -2.67601
3.825, -0.34915, 0.90750, -0.51031, -0.46347, -2.69650
3.850, -0.35089, 0.89875, -0.50184, -0.45820, -2.71699
3.875, -0.35258, 0.89000, -0.49338, -0.45315, -2.73743
3.900, -0.35422, 0.88125, -0.48491, -0.44832, -2.75779
3.925, -0.35580, 0.87250, -0.47645, -0.44370, -2.77801
3.950, -0.35734, 0.86375, -0.46798, -0.43930, -2.79805
3.975, -0.35882, 0.85500, -0.45952, -0.43513, -2.81787
4.000, -0.36026, 0.84625, -0.45105, -0.43116, -2.83743
4.025, -0.36164, 0.83750, -0.44259, -0.42741, -2.85668
4.050, -0.36297, 0.82875, -0.43412, -0.42387, -2.87558
4.075, -0.36425, 0.82000, -0.42568, -0.42053, -2.89408
4.100, -0.36549, 0.81127, -0.41728, -0.41738, -2.91214
4.125, -0.36667, 0.80258, -0.40895, -0.41442, -2.92971
4.150, -0.36780, 0.79396, -0.40073, -0.41164, -2.94675
4.175, -0.36888, 0.78546, -0.39264, -0.40904, -2.96322
4.200, -0.36990, 0.77709, -0.38471, -0.40661, -2.97908
4.225, -0.37088, 0.76889, -0.37696, -0.40434, -2.99427
4.250, -0.37181, 0.76090, -0.36943, -0.40224, -3.00875
4.275, -0.37269, 0.75313, -0.36215, -0.40029, -3.02249
4.300, -0.37351, 0.74563, -0.35514, -0.39848, -3.03543
4.325, -0.37429, 0.73843, -0.34842, -0.39682, -3.04754
4.350, -0.37501, 0.73155, -0.34204, -0.39530, -3.05881
4.375, -0.37569, 0.72503, -0.33602, -0.39390, -3.06924
4.400, -0.37631, 0.71890, -0.33038, -0.39263, -3.07883
4.425, -0.37688, 0.71319, -0.32515, -0.39148, -3.08758
4.450, -0.37741, 0.70791, -0.32032, -0.39044, -3.09549
4.475, -0.37788, 0.70307, -0.31591, -0.38951, -3.10259
4.500, -0.37830, 0.69867, -0.31191, -0.38868, -3.10892
4.525, -0.37867, 0.69471, -0.30831, -0.38794, -3.11453
4.550, -0.37900, 0.69118, -0.30513, -0.38730, -3.11945
4.575, -0.37929, 0.68810, -0.30235, -0.38674, -3.12374
4.600, -0.37954, 0.68543, -0.29995, -0.38625, -3.12743
4.625, -0.37975, 0.68316, -0.29791, -0.38584, -3.13058
4.650, -0.37993, 0.68125, -0.29619, -0.38550, -3.13322
4.675, -0.38008, 0.67967, -0.29477, -0.38521, -3.13540
4.700, -0.38020, 0.67838, -0.29362, -0.38498, -3.13717
4.725, -0.38029, 0.67737, -0.29271, -0.38480, -3.13856
4.750, -0.38037, 0.67659, -0.29201, -0.38466, -3.13963
4.775, -0.38042, 0.67601, -0.29150, -0.38456, -3.14041
4.800, -0.38046, 0.67561, -0.29114, -0.38449, -3.14095
4.825, -0.38049, 0.67535, -0.29091, -0.38445, -3.14129
4.850, -0.38050, 0.67521, -0.29078, -0.38442, -3.14148
4.875, -0.38051, 0.67514, -0.29073, -0.38441, -3.14157
4.900, -0.38051, 0.67512, -0.29071, -0.38441, -3.14159
4.925, -0.38051, 0.67512, -0.29071, -0.38441, -3.14159
4.950, -0.38051, 0.67512, -0.29071, -0.38441, -3.14159
4.975, -0.38051, 0.67512, -0.29071, -0.38441, -3.14159
5.000, -0.38051, 0.67512, -0.29071, -0.38441, -3.14159
5.025, -0.38051, 0.67512, -0.29071, -0.38441, -3.14159
5.050, -0.38051, 0.67512, -0.29071, -0.38441, -3.14159
5.075, -0.38051, 0.67512, -0.29071, -0.38441, -3.14159
5.100, -0.38051, 0.67512, -0.29071, -0.38441, -3.14159
5.125, -0.38051, 0.67512, -0.29071, -0.38441, -3.14159
5.150, -0.38051, 0.67512, -0.29071, -0.38441, -3.14159
5.175, -0.38051, 0.67512, -0.29071, -0.38441, -3.14159
5.200, -0.38051, 0.67512, -0.29071, -0.38441, -3.14159
5.225, -0.38051, 0.67512, -0.29071, -0.38441, -3.14159
5.250, -0.38051, 0.67512, -0.29071, -0.38441, -3.14159
5.275, -0.38051, 0.67512, -0.29071, -0.38441, -3.14159
5.300, -0.38051, 0.67512, -0.29071, -0.38441, -3.14159
5.325, -0.38051, 0.67512, -0.29071, -0.38441, -3.14159
5.350, -0.38051, 0.67512, -0.29071, -0.38441, -3.14159
5.375, -0.38051, 0.67512, -0.29071, -0.38441, -3.14159
5.400, -0.38051, 0.67512, -0.29071, -0.38441, -3.14159
5.425, -0.38051, 0.67512, -0.29071, -0.38441, -3.14159
5.450, -0.38051, 0.67512, -0.29071, -0.38441, -3.14159
5.475, -0.38051, 0.67512, -0.29071, -0.38441, -3.14159
5.500, -0.38051, 0.67512, -0.29071, -0.38441, -3.14159
5.525, -0.38051, 0.67512, -0.29071, -0.38441, -3.14159
5.550, -0.38051, 0.67512, -0.29071, -0.38441, -3.14159
5.575, -0.38051, 0.67512, -0.29071, -0.38441, -3.14160
5.600, -0.38051, 0.67512, -0.29071, -0.38441, -3.14160
5.625, -0.38051, 0.67512, -0.29071, -0.38441, -3.14160
5.650, -0.38051, 0.67512, -0.29071, -0.38441, -3.14160
5.675, -0.38051, 0.67512, -0.29071, -0.38441, -3.14160
5.700, -0.38051, 0.67512, -0.29071, -0.38441, -3.14160
5.725, -0.38051, 0.67512, -0.29071, -0.38441, -3.14160
5.750, -0.38051, 0.67512, -0.29071, -0.38441, -3.14159
5.775, -0.38051, 0.67512, -0.29071, -0.38441, -3.14159
5.800, -0.38051, 0.67512, -0.29071, -0.38441, -3.14159
5.825, -0.38051, 0.67512, -0.29071, -0.38441, -3.14159
5.850, -0.38051, 0.67512, -0.29071, -0.38441, -3.14159
5.875, -0.38051, 0.67512, -0.29071, -0.38441, -3.14159
5.900, -0.38051, 0.67512, -0.29071, -0.38441, -3.14159
5.925, -0.38051, 0.67512, -0.29071, -0.38441, -3.14159
5.950, -0.38048, 0.67512, -0.29071, -0.38441, -3.14156
5.975, -0.38040, 0.67512, -0.29071, -0.38441, -3.14147
6.000, -0.38023, 0.67512, -0.29071, -0.38441, -3.14130
6.025, -0.37993, 0.67512, -0.29071, -0.38441, -3.14103
6.050, -0.37950, 0.67512, -0.29071, -0.38441, -3.14061
6.075, -0.37887, 0.67512, -0.29071, -0.38441, -3.14003
6.100, -0.37804, 0.67512, -0.29071, -0.38441, -3.13925
6.125, -0.37696, 0.67512, -0.29071, -0.38441, -3.13825
6.150, -0.37564, 0.67512, -0.29071, -0.38441, -3.13701
6.175, -0.37406, 0.67512, -0.29071, -0.38441, -3.13548
6.200, -0.37224, 0.67512, -0.29071, -0.38441, -3.13365
6.225, -0.37017, 0.67512, -0.29071, -0.38441, -3.13148
6.250, -0.36784, 0.67512, -0.29071, -0.38441, -3.12895
6.275, -0.36526, 0.67512, -0.29071, -0.38441, -3.12604
6.300, -0.36244, 0.67512, -0.29071, -0.38441, -3.12270
6.325, -0.35937, 0.67512, -0.29071, -0.38441, -3.11892
6.350, -0.35604, 0.67512, -0.29071, -0.38441, -3.11467
6.375, -0.35247, 0.67512, -0.29071, -0.38441, -3.10991
6.400, -0.34864, 0.67512, -0.29071, -0.38441, -3.10463
6.425, -0.34456, 0.67512, -0.29071, -0.38441, -3.09879
6.450, -0.34024, 0.67512, -0.29071, -0.38441, -3.09236
6.475, -0.33566, 0.67512, -0.29071, -0.38441, -3.08533
6.500, -0.33084, 0.67512, -0.29071, -0.38441, -3.07767
6.525, -0.32577, 0.67512, -0.29071, -0.38441, -3.06939
6.550, -0.32044, 0.67512, -0.29071, -0.38441, -3.06050
6.575, -0.31486, 0.67512, -0.29071, -0.38441, -3.05098
6.600, -0.30904, 0.67512, -0.29071, -0.38441, -3.04085
6.625, -0.30297, 0.67512, -0.29071, -0.38441, -3.03009
6.650, -0.29664, 0.67512, -0.29071, -0.38441, -3.01874
6.675, -0.29007, 0.67512, -0.29071, -0.38441, -3.00680
6.700, -0.28327, 0.67512, -0.29071, -0.38441, -2.99432
6.725, -0.27628, 0.67512, -0.29071, -0.38441, -2.98132
6.750, -0.26913, 0.67512, -0.29071, -0.38441, -2.96782
6.775, -0.26184, 0.67512, -0.29071, -0.38441, -2.95386
6.800, -0.25445, 0.67512, -0.29071, -0.38441, -2.93946
6.825, -0.24700, 0.67512, -0.29071, -0.38441, -2.92465
6.850, -0.23951, 0.67512, -0.29071, -0.38441, -2.90947
6.875, -0.23201, 0.67512, -0.29071, -0.38441, -2.89393
6.900, -0.22451, 0.67512, -0.29071, -0.38441, -2.87806
6.925, -0.21701, 0.67512, -0.29071, -0.38441, -2.86190
6.950, -0.20951, 0.67512, -0.29071, -0.38441, -2.84547
6.975, -0.20201, 0.67512, -0.29071, -0.38441, -2.82879
7.000, -0.19451, 0.67512, -0.29071, -0.38441, -2.81191
7.025, -0.18701, 0.67512, -0.29071, -0.38441, -2.79483
7.050, -0.17951, 0.67512, -0.29071, -0.38441, -2.77760
7.075, -0.17201, 0.67512, -0.29071, -0.38441, -2.76024
7.100, -0.16451, 0.67512, -0.29071, -0.38441, -2.74278
7.125, -0.15701, 0.67512, -0.29071, -0.38441, -2.72524
7.150, -0.14951, 0.67512, -0.29071, -0.38441, -2.70766
7.175, -0.14201, 0.67512, -0.29071, -0.38441, -2.69006
7.200, -0.13451, 0.67512, -0.29071, -0.38441, -2.67246
7.225, -0.12701, 0.67512, -0.29071, -0.38441, -2.65486
7.250, -0.11951, 0.67512, -0.29071, -0.38441, -2.63726
7.275, -0.11201, 0.67512, -0.29071, -0.38441, -2.61966
7.300, -0.10451, 0.67512, -0.29071, -0.38441, -2.60206
7.325, -0.09701, 0.67512, -0.29071, -0.38441, -2.58446
7.350, -0.08951, 0.67512, -0.29071, -0.38441, -2.56686
7.375, -0.08201, 0.67512, -0.29071, -0.38441, -2.54926
7.400, -0.07451, 0.67512, -0.29071, -0.38441, -2.53166
7.425, -0.06701, 0.67512, -0.29071, -0.38441, -2.51406
7.450, -0.05951, 0.67512, -0.29071, -0.38441, -2.49646
7.475, -0.05201, 0.67512, -0.29071, -0.38441, -2.47886
7.500, -0.04451, 0.67512, -0.29071, -0.38441, -2.46126
7.525, -0.03701, 0.67512, -0.29071, -0.38441, -2.44366
7.550, -0.02951, 0.67512, -0.29071, -0.38441, -2.42605
7.575, -0.02201, 0.67512, -0.29071, -0.38441, -2.40845
7.600, -0.01451, 0.67512, -0.29071, -0.38441, -2.39085
7.625, -0.00701, 0.67512, -0.29071, -0.38441, -2.37325
7.650, 0.00049, 0.67512, -0.29071, -0.38441, -2.35565
7.675, 0.00799, 0.67512, -0.29071, -0.38441, -2.33805
7.700, 0.01549, 0.67512, -0.29071, -0.38441, -2.32045
7.725, 0.02299, 0.67512, -0.29071, -0.38441, -2.30285
7.750, 0.03049, 0.67512, -0.29071, -0.38441, -2.28525
7.775, 0.03799, 0.67512, -0.29071, -0.38441, -2.26765
7.800, 0.04549, 0.67512, -0.29071, -0.38441, -2.25005
7.825, 0.05299, 0.67512, -0.29071, -0.38441, -2.23245
7.850, 0.06049, 0.67512, -0.29071, -0.38441, -2.21485
7.875, 0.06799, 0.67512, -0.29071, -0.38441, -2.19725
7.900, 0.07549, 0.67512, -0.29071, -0.38441, -2.17965
7.925, 0.08299, 0.67512, -0.29071, -0.38441, -2.16205
7.950, 0.09049, 0.67512, -0.29071, -0.38441, -2.14445
7.975, 0.09799, 0.67512, -0.29071, -0.38441, -2.12685
8.000, 0.10549, 0.67512, -0.29071, -0.38441, -2.10924
8.025, 0.11299, 0.67512, -0.29071, -0.38441, -2.09164
8.050, 0.12049, 0.67512, -0.29071, -0.38441, -2.07404
8.075, 0.12799, 0.67512, -0.29071, -0.38441, -2.05644
8.100, 0.13549, 0.67512, -0.29071, -0.38441, -2.03884
8.125, 0.14299, 0.67512, -0.29071, -0.38441, -2.02124
8.150, 0.15049, 0.67512, -0.29071, -0.38441, -2.00364
8.175, 0.15799, 0.67512, -0.29071, -0.38441, -1.98606
8.200, 0.16549, 0.67512, -0.29071, -0.38441, -1.96853
8.225, 0.17299, 0.67512, -0.29071, -0.38441, -1.95107
8.250, 0.18049, 0.67512, -0.29071, -0.38441, -1.93372
8.275, 0.18799, 0.67512, -0.29071, -0.38441, -1.91650
8.300, 0.19549, 0.67512, -0.29071, -0.38441, -1.89944
8.325, 0.20299, 0.67512, -0.29071, -0.38441, -1.88256
8.350, 0.21049, 0.67512, -0.29071, -0.38441, -1.86590
8.375, 0.21799, 0.67512, -0.29071, -0.38441, -1.84949
8.400, 0.22549, 0.67512, -0.29071, -0.38441, -1.83334
8.425, 0.23299, 0.67512, -0.29071, -0.38441, -1.81750
8.450, 0.24049, 0.67512, -0.29071, -0.38441, -1.80198
8.475, 0.24798, 0.67512, -0.29071, -0.38441, -1.78681
8.500, 0.25542, 0.67512, -0.29071, -0.38441, -1.77203
8.525, 0.26280, 0.67512, -0.29071, -0.38441, -1.75766
8.550, 0.27007, 0.67512, -0.29071, -0.38441, -1.74372
8.575, 0.27720, 0.67512, -0.29071, -0.38441, -1.73026
8.600, 0.28417, 0.67512, -0.29071, -0.38441, -1.71729
8.625, 0.29094, 0.67512, -0.29071, -0.38441, -1.70484
8.650, 0.29748, 0.67512, -0.29071, -0.38441, -1.69294
8.675, 0.30377, 0.67512, -0.29071, -0.38441, -1.68161
8.700, 0.30982, 0.67512, -0.29071, -0.38441, -1.67090
8.725, 0.31561, 0.67512, -0.29071, -0.38441, -1.66080
8.750, 0.32115, 0.67512, -0.29071, -0.38441, -1.65132
8.775, 0.32644, 0.67512, -0.29071, -0.38441, -1.64247
8.800, 0.33148, 0.67512, -0.29071, -0.38441, -1.63423
8.825, 0.33628, 0.67512, -0.29071, -0.38441, -1.62661
8.850, 0.34082, 0.67512, -0.29071, -0.38441, -1.61961
8.875, 0.34511, 0.67512, -0.29071, -0.38441, -1.61322
8.900, 0.34915, 0.67512, -0.29071, -0.38441, -1.60742
8.925, 0.35295, 0.67512, -0.29071, -0.38441, -1.60217
8.950, 0.35649, 0.67512, -0.29071, -0.38441, -1.59744
8.975, 0.35978, 0.67512, -0.29071, -0.38441, -1.59322
9.000, 0.36282, 0.67512, -0.29071, -0.38441, -1.58947
9.025, 0.36562, 0.67512, -0.29071, -0.38441, -1.58616
9.050, 0.36816, 0.67512, -0.29071, -0.38441, -1.58327
9.075, 0.37045, 0.67512, -0.29071, -0.38441, -1.58077
9.100, 0.37249, 0.67512, -0.29071, -0.38441, -1.57862
9.125, 0.37428, 0.67512, -0.29071, -0.38441, -1.57681
9.150, 0.37583, 0.67512, -0.29071, -0.38441, -1.57530
9.175, 0.37712, 0.67512, -0.29071, -0.38441, -1.57407
9.200, 0.37816, 0.67512, -0.29071, -0.38441, -1.57308
9.225, 0.37897, 0.67512, -0.29071, -0.38441, -1.57232
9.250, 0.37956, 0.67512, -0.29071, -0.38441, -1.57175
9.275, 0.37998, 0.67512, -0.29071, -0.38441, -1.57134
9.300, 0.38025, 0.67512, -0.29071, -0.38441, -1.57107
9.325, 0.38041, 0.67512, -0.29071, -0.38441, -1.57091
9.350, 0.38049, 0.67512, -0.29071, -0.38441, -1.57083
9.375, 0.38051, 0.67512, -0.29071, -0.38441, -1.57080
9.400, 0.38051, 0.67512, -0.29071, -0.38441, -1.57080
9.425, 0.38051, 0.67512, -0.29071, -0.38441, -1.57080
9.450, 0.38051, 0.67512, -0.29071, -0.38441, -1.57080
9.475, 0.38051, 0.67512, -0.29071, -0.38441, -1.57080
9.500, 0.38051, 0.67512, -0.29071, -0.38441, -1.57080
9.525, 0.38051, 0.67512, -0.29071, -0.38441, -1.57080
9.550, 0.38051, 0.67512, -0.29071, -0.38441, -1.57080
9.575, 0.38051, 0.67512, -0.29071, -0.38441, -1.57080
9.600, 0.38051, 0.67512, -0.29071, -0.38441, -1.57080
9.625, 0.38051, 0.67512, -0.29071, -0.38441, -1.57080
9.650, 0.38051, 0.67512, -0.29071, -0.38441, -1.57080
9.675, 0.38051, 0.67512, -0.29071, -0.38441, -1.57080
9.700, 0.38051, 0.67512, -0.29071, -0.38441, -1.57080
9.725, 0.38051, 0.67512, -0.29071, -0.38441, -1.57080
9.750, 0.38051, 0.67512, -0.29071, -0.38441, -1.57080
9.775, 0.38051, 0.67512, -0.29071, -0.38441, -1.57080
9.800, 0.38051, 0.67512, -0.29071, -0.38441, -1.57080
9.825, 0.38051, 0.67512, -0.29071, -0.38441, -1.57080
9.850, 0.38051, 0.67512, -0.29071, -0.38442, -1.57080
9.875, 0.38051, 0.67512, -0.29071, -0.38442, -1.57080
9.900, 0.38051, 0.67512, -0.29071, -0.38442, -1.57080
9.925, 0.38051, 0.67512, -0.29071, -0.38442, -1.57080
9.950, 0.38051, 0.67512, -0.29071, -0.38442, -1.57081
9.975, 0.38051, 0.67512, -0.29071, -0.38442, -1.57081
10.000, 0.38051, 0.67512, -0.29071, -0.38442, -1.57081
10.025, 0.38051, 0.67512, -0.29071, -0.38442, -1.57081
10.050, 0.38051, 0.67512, -0.29071, -0.38442, -1.57081
10.075, 0.38051, 0.67512, -0.29071, -0.38442, -1.57081
10.100, 0.38051, 0.67512, -0.29071, -0.38442, -1.57081
10.125, 0.38051, 0.67512, -0.29071, -0.38442, -1.57081
10.150, 0.38051, 0.67512, -0.29071, -0.38442, -1.57081
10.175, 0.38051, 0.67512, -0.29071, -0.38442, -1.57081
10.200, 0.38051, 0.67512, -0.29071, -0.38442, -1.57081
10.225, 0.38051, 0.67512, -0.29071, -0.38442, -1.57081
10.250, 0.38051, 0.67512, -0.29071, -0.38441, -1.57081
10.275, 0.38051, 0.67512, -0.29071, -0.38441, -1.57080
10.300, 0.38051, 0.67512, -0.29071, -0.38441, -1.57080
10.325, 0.38051, 0.67512, -0.29071, -0.38441, -1.57080
10.350, 0.38051, 0.67512, -0.29071, -0.38441, -1.57080
10.375, 0.38051, 0.67512, -0.29071, -0.38441, -1.57080
10.400, 0.38051, 0.67512, -0.29071, -0.38441, -1.57080
10.425, 0.38051, 0.67511, -0.29073, -0.38439, -1.57076
10.450, 0.38051, 0.67509, -0.29080, -0.38432, -1.57065
10.475, 0.38051, 0.67505, -0.29095, -0.38419, -1.57041
10.500, 0.38051, 0.67497, -0.29122, -0.38396, -1.56999
10.525, 0.38051, 0.67486, -0.29162, -0.38361, -1.56936
10.550, 0.38051, 0.67469, -0.29221, -0.38312, -1.56846
10.575, 0.38051, 0.67447, -0.29299, -0.38246, -1.56725
10.600, 0.38051, 0.67418, -0.29402, -0.38161, -1.56567
10.625, 0.38051, 0.67382, -0.29532, -0.38054, -1.56369
10.650, 0.38051, 0.67338, -0.29691, -0.37922, -1.56126
10.675, 0.38051, 0.67284, -0.29884, -0.37763, -1.55833
10.700, 0.38051, 0.67221, -0.30113, -0.37575, -1.55484
10.725, 0.38051, 0.67146, -0.30381, -0.37356, -1.55077
10.750, 0.38051, 0.67060, -0.30691, -0.37101, -1.54605
10.775, 0.38051, 0.66962, -0.31046, -0.36810, -1.54065
10.800, 0.38051, 0.66850, -0.31444, -0.36480, -1.53451
10.825, 0.38051, 0.66724, -0.31886, -0.36107, -1.52759
10.850, 0.38051, 0.66582, -0.32371, -0.35691, -1.51985
10.875, 0.38051, 0.66425, -0.32901, -0.35227, -1.51123
10.900, 0.38051, 0.66251, -0.33474, -0.34714, -1.50174
10.925, 0.38051, 0.66059, -0.34089, -0.34149, -1.49138
10.950, 0.38051, 0.65849, -0.34742, -0.33530, -1.48015
10.975, 0.38051, 0.65621, -0.35432, -0.32854, -1.46804
11.000, 0.38051, 0.65374, -0.36153, -0.32121, -1.45506
11.025, 0.38051, 0.65109, -0.36905, -0.31330, -1.44124
11.050, 0.38051, 0.64826, -0.37682, -0.30482, -1.42663
11.075, 0.38051, 0.64524, -0.38482, -0.29576, -1.41128
11.100, 0.38051, 0.64203, -0.39303, -0.28612, -1.39523
11.125, 0.38051, 0.63864, -0.40140, -0.27591, -1.37853
11.150, 0.38051, 0.63507, -0.40991, -0.26514, -1.36122
11.175, 0.38051, 0.63132, -0.41853, -0.25382, -1.34336
11.200, 0.38051, 0.62739, -0.42722, -0.24198, -1.32499
11.225, 0.38051, 0.62329, -0.43596, -0.22965, -1.30615
11.250, 0.38051, 0.61903, -0.44471, -0.21685, -1.28690
11.275, 0.38051, 0.61462, -0.45346, -0.20360, -1.26728
11.300, 0.38051, 0.61007, -0.46221, -0.18994, -1.24734
11.325, 0.38051, 0.60538, -0.47096, -0.17589, -1.22712
11.350, 0.38051, 0.60057, -0.47971, -0.16147, -1.20667
11.375, 0.38051, 0.59564, -0.48846, -0.14670, -1.18604
11.400, 0.38051, 0.59060, -0.49721, -0.13162, -1.16527
11.425, 0.38051, 0.58546, -0.50596, -0.11624, -1.14441
11.450, 0.38051, 0.58024, -0.51471, -0.10059, -1.12351
11.475, 0.38051, 0.57492, -0.52346, -0.08470, -1.10261
11.500, 0.38051, 0.56954, -0.53221, -0.06860, -1.08171
11.525, 0.38051, 0.56409, -0.54096, -0.05229, -1.06080
11.550, 0.38051, 0.55858, -0.54971, -0.03582, -1.03990
11.575, 0.38051, 0.55302, -0.55846, -0.01921, -1.01899
11.600, 0.38051, 0.54742, -0.56721, -0.00248, -0.99809
11.625, 0.38051, 0.54179, -0.57596, 0.01435, -0.97718
11.650, 0.38051, 0.53614, -0.58471, 0.03124, -0.95628
11.675, 0.38051, 0.53047, -0.59346, 0.04818, -0.93537
11.700, 0.38051, 0.52480, -0.60221, 0.06514, -0.91447
11.725, 0.38051, 0.51913, -0.61096, 0.08209, -0.89357
11.750, 0.38051, 0.51345, -0.61971, 0.09905, -0.87266
11.775, 0.38051, 0.50778, -0.62846, 0.11601, -0.85176
11.800, 0.38051, 0.50210, -0.63721, 0.13297, -0.83085
11.825, 0.38051, 0.49643, -0.64596, 0.14993, -0.80995
11.850, 0.38051, 0.49075, -0.65471, 0.16689, -0.78904
11.875, 0.38051, 0.48508, -0.66346, 0.18384, -0.76814
11.900, 0.38051, 0.47941, -0.67221, 0.20080, -0.74723
11.925, 0.38051, 0.47373, -0.68096, 0.21776, -0.72633
11.950, 0.38051, 0.46806, -0.68971, 0.23472, -0.70543
11.975, 0.38051, 0.46238, -0.69846, 0.25168, -0.68452
12.000, 0.38051, 0.45671, -0.70721, 0.26864, -0.66362
12.025, 0.38051, 0.45104, -0.71596, 0.28559, -0.64271
12.050, 0.38051, 0.44537, -0.72471, 0.30253, -0.62181
12.075, 0.38051, 0.43971, -0.73346, 0.31942, -0.60090
12.100, 0.38051, 0.43407, -0.74221, 0.33624, -0.58000
12.125, 0.38051, 0.42846, -0.75096, 0.35297, -0.55909
12.150, 0.38051, 0.42289, -0.75971, 0.36957, -0.53819
12.175, 0.38051, 0.41736, -0.76846, 0.38603, -0.51729
12.200, 0.38051, 0.41189, -0.77721, 0.40232, -0.49638
12.225, 0.38051, 0.40648, -0.78596, 0.41842, -0.47548
12.250, 0.38051, 0.40114, -0.79471, 0.43430, -0.45457
12.275, 0.38051, 0.39589, -0.80346, 0.44993, -0.43367
12.300, 0.38051, 0.39072, -0.81221, 0.46529, -0.41279
12.325, 0.38051, 0.38565, -0.82096, 0.48035, -0.39199
12.350, 0.38051, 0.38068, -0.82971, 0.49510, -0.37130
12.375, 0.38051, 0.37583, -0.83846, 0.50950, -0.35078
12.400, 0.38051, 0.37110, -0.84721, 0.52353, -0.33048
12.425, 0.38051, 0.36650, -0.85596, 0.53717, -0.31043
12.450, 0.38051, 0.36204, -0.86471, 0.55039, -0.29070
12.475, 0.38051, 0.35773, -0.87346, 0.56316, -0.27131
12.500, 0.38051, 0.35358, -0.88220, 0.57546, -0.25233
12.525, 0.38051, 0.34959, -0.89091, 0.58727, -0.23379
12.550, 0.38051, 0.34577, -0.89956, 0.59856, -0.21574
12.575, 0.38051, 0.34214, -0.90811, 0.60930, -0.19824
12.600, 0.38051, 0.33869, -0.91654, 0.61948, -0.18132
12.625, 0.38051, 0.33543, -0.92480, 0.62908, -0.16504
12.650, 0.38051, 0.33235, -0.93288, 0.63811, -0.14944
12.675, 0.38051, 0.32945, -0.94073, 0.64656, -0.13457
12.700, 0.38051, 0.32673, -0.94834, 0.65443, -0.12047
12.725, 0.38051, 0.32421, -0.95566, 0.66173, -0.10719
12.750, 0.38051, 0.32186, -0.96266, 0.66846, -0.09478
12.775, 0.38051, 0.31970, -0.96933, 0.67462, -0.08323
12.800, 0.38051, 0.31772, -0.97561, 0.68024, -0.07257
12.825, 0.38051, 0.31592, -0.98148, 0.68534, -0.06278
12.850, 0.38051, 0.31430, -0.98693, 0.68994, -0.05386
12.875, 0.38051, 0.31283, -0.99193, 0.69408, -0.04581
12.900, 0.38051, 0.31152, -0.99650, 0.69778, -0.03861
12.925, 0.38051, 0.31035, -1.00063, 0.70106, -0.03220
12.950, 0.38051, 0.30932, -1.00432, 0.70395, -0.02655
12.975, 0.38051, 0.30842, -1.00758, 0.70647, -0.02160
13.000, 0.38051, 0.30764, -1.01040, 0.70865, -0.01731
13.025, 0.38051, 0.30697, -1.01282, 0.71051, -0.01362
13.050, 0.38051, 0.30640, -1.01486, 0.71208, -0.01050
13.075, 0.38051, 0.30593, -1.01657, 0.71339, -0.00790
13.100, 0.38051, 0.30554, -1.01796, 0.71445, -0.00577
13.125, 0.38051, 0.30523, -1.01908, 0.71529, -0.00406
13.150, 0.38051, 0.30499, -1.01994, 0.71594, -0.00272
13.175, 0.38051, 0.30480, -1.02059, 0.71642, -0.00172
13.200, 0.38051, 0.30467, -1.02105, 0.71676, -0.00100
13.225, 0.38051, 0.30458, -1.02136, 0.71698, -0.00051
13.250, 0.38051, 0.30453, -1.02155, 0.71711, -0.00022
13.275, 0.38051, 0.30450, -1.02164, 0.71717, -0.00007
13.300, 0.38051, 0.30449, -1.02168, 0.71719, -0.00001
13.325, 0.38051, 0.30449, -1.02168, 0.71719, 0.00000
13.350, 0.38051, 0.30449, -1.02168, 0.71719, 0.00000
13.375, 0.38051, 0.30449, -1.02168, 0.71719, 0.00000
13.400, 0.38051, 0.30449, -1.02168, 0.71719, 0.00000
13.425, 0.38051, 0.30449, -1.02168, 0.71719, 0.00000
13.450, 0.38051, 0.30449, -1.02168, 0.71719, 0.00000
13.475, 0.38051, 0.30449, -1.02168, 0.71719, 0.00000
13.500, 0.38051, 0.30449, -1.02168, 0.71719, 0.00000
13.525, 0.38051, 0.30449, -1.02168, 0.71719, 0.00000
13.550, 0.38051, 0.30449, -1.02168, 0.71719, 0.00000
13.575, 0.38051, 0.30449, -1.02168, 0.71719, 0.00000
13.600, 0.38051, 0.30449, -1.02168, 0.71719, 0.00000
13.625, 0.38051, 0.30449, -1.02168, 0.71719, 0.00000
13.650, 0.38051, 0.30449, -1.02168, 0.71719, 0.00000
13.675, 0.38051, 0.30449, -1.02168, 0.71719, 0.00000
13.700, 0.38051, 0.30449, -1.02168, 0.71719, 0.00000
13.725, 0.38051, 0.30449, -1.02168, 0.71719, -0.00000
13.750, 0.38051, 0.30449, -1.02168, 0.71719, -0.00000
13.775, 0.38051, 0.30449, -1.02168, 0.71719, -0.00000
13.800, 0.38051, 0.30449, -1.02168, 0.71719, -0.00000
13.825, 0.38051, 0.30449, -1.02168, 0.71719, -0.00000
13.850, 0.38051, 0.30449, -1.02168, 0.71719, -0.00000
13.875, 0.38051, 0.30449, -1.02168, 0.71719, -0.00000
13.900, 0.38051, 0.30449, -1.02168, 0.71719, -0.00000
13.925, 0.38051, 0.30449, -1.02168, 0.71719, -0.00000
13.950, 0.38051, 0.30449, -1.02168, 0.71719, -0.00000
13.975, 0.38051, 0.30449, -1.02168, 0.71719, -0.00000
14.000, 0.38051, 0.30449, -1.02168, 0.71719, -0.00000
14.025, 0.38051, 0.30449, -1.02168, 0.71719, -0.00001
14.050, 0.38051, 0.30449, -1.02168, 0.71719, -0.00001
14.075, 0.38051, 0.30449, -1.02168, 0.71719, -0.00001
14.100, 0.38051, 0.30449, -1.02168, 0.71719, -0.00001
14.125, 0.38051, 0.30449, -1.02168, 0.71719, -0.00001
14.150, 0.38051, 0.30449, -1.02168, 0.71719, -0.00000
14.175, 0.38051, 0.30449, -1.02168, 0.71719, -0.00000
14.200, 0.38051, 0.30449, -1.02168, 0.71719, -0.00000
14.225, 0.38051, 0.30449, -1.02168, 0.71719, -0.00000
14.250, 0.38051, 0.30449, -1.02168, 0.71719, -0.00000
14.275, 0.38051, 0.30449, -1.02168, 0.71719, -0.00000
14.300, 0.38051, 0.30449, -1.02168, 0.71719, -0.00000
14.325, 0.38051, 0.30449, -1.02168, 0.71719, 0.00000
14.350, 0.38050, 0.30449, -1.02168, 0.71719, 0.00002
14.375, 0.38044, 0.30449, -1.02168, 0.71719, 0.00008
14.400, 0.38031, 0.30449, -1.02168, 0.71719, 0.00021
14.425, 0.38007, 0.30449, -1.02168, 0.71719, 0.00044
14.450, 0.37969, 0.30449, -1.02168, 0.71719, 0.00079
14.475, 0.37915, 0.30449, -1.02168, 0.71719, 0.00131
14.500, 0.37840, 0.30449, -1.02168, 0.71719, 0.00200
14.525, 0.37742, 0.30449, -1.02168, 0.71719, 0.00291
14.550, 0.37620, 0.30449, -1.02168, 0.71719, 0.00405
14.575, 0.37472, 0.30449, -1.02168, 0.71719, 0.00547
14.600, 0.37300, 0.30449, -1.02168, 0.71719, 0.00717
14.625, 0.37103, 0.30449, -1.02168, 0.71719, 0.00920
14.650, 0.36880, 0.30449, -1.02168, 0.71719, 0.01158
14.675, 0.36633, 0.30449, -1.02168, 0.71719, 0.01434
14.700, 0.36360, 0.30449, -1.02168, 0.71719, 0.01750
14.725, 0.36062, 0.30449, -1.02168, 0.71719, 0.02110
14.750, 0.35740, 0.30449, -1.02168, 0.71719, 0.02516
14.775, 0.35393, 0.30449, -1.02168, 0.71719, 0.02971
14.800, 0.35020, 0.30449, -1.02168, 0.71719, 0.03478
14.825, 0.34623, 0.30449, -1.02168, 0.71719, 0.04040
14.850, 0.34200, 0.30449, -1.02168, 0.71719, 0.04658
14.875, 0.33752, 0.30449, -1.02168, 0.71719, 0.05337
14.900, 0.33280, 0.30449, -1.02168, 0.71719, 0.06078
14.925, 0.32783, 0.30449, -1.02168, 0.71719, 0.06881
14.950, 0.32260, 0.30449, -1.02168, 0.71719, 0.07746
14.975, 0.31713, 0.30449, -1.02168, 0.71719, 0.08673
15.000, 0.31140, 0.30449, -1.02168, 0.71719, 0.09661
15.025, 0.30542, 0.30449, -1.02168, 0.71719, 0.10712
15.050, 0.29920, 0.30449, -1.02168, 0.71719, 0.11824
15.075, 0.29273, 0.30449, -1.02168, 0.71719, 0.12995
15.100, 0.28601, 0.30449, -1.02168, 0.71719, 0.14221
15.125, 0.27910, 0.30449, -1.02168, 0.71719, 0.15501
15.150, 0.27200, 0.30449, -1.02168, 0.71719, 0.16831
15.175, 0.26477, 0.30449, -1.02168, 0.71719, 0.18209
15.200, 0.25742, 0.30449, -1.02168, 0.71719, 0.19632
15.225, 0.24999, 0.30449, -1.02168, 0.71719, 0.21097
15.250, 0.24251, 0.30449, -1.02168, 0.71719, 0.22600
15.275, 0.23501, 0.30449, -1.02168, 0.71719, 0.24141
15.300, 0.22751, 0.30449, -1.02168, 0.71719, 0.25715
15.325, 0.22001, 0.30449, -1.02168, 0.71719, 0.27319
15.350, 0.21251, 0.30449, -1.02168, 0.71719, 0.28952
15.375, 0.20501, 0.30449, -1.02168, 0.71719, 0.30610
15.400, 0.19751, 0.30449, -1.02168, 0.71719, 0.32291
15.425, 0.19001, 0.30449, -1.02168, 0.71719, 0.33991
15.450, 0.18251, 0.30449, -1.02168, 0.71719, 0.35708
15.475, 0.17501, 0.30449, -1.02168, 0.71719, 0.37439
15.500, 0.16751, 0.30449, -1.02168, 0.71719, 0.39181
15.525, 0.16001, 0.30449, -1.02168, 0.71719, 0.40932
15.550, 0.15251, 0.30449, -1.02168, 0.71719, 0.42689
15.575, 0.14501, 0.30449, -1.02168, 0.71719, 0.44449
15.600, 0.13751, 0.30449, -1.02168, 0.71719, 0.46209
15.625, 0.13001, 0.30449, -1.02168, 0.71719, 0.47969
15.650, 0.12251, 0.30449, -1.02168, 0.71719, 0.49729
15.675, 0.11501, 0.30449, -1.02168, 0.71719, 0.51489
15.700, 0.10751, 0.30449, -1.02168, 0.71719, 0.53249
15.725, 0.10001, 0.30449, -1.02168, 0.71719, 0.55009
15.750, 0.09251, 0.30449, -1.02168, 0.71719, 0.56769
15.775, 0.08501, 0.30449, -1.02168, 0.71719, 0.58529
15.800, 0.07751, 0.30449, -1.02168, 0.71719, 0.60289
15.825, 0.07001, 0.30449, -1.02168, 0.71719, 0.62049
15.850, 0.06251, 0.30449, -1.02168, 0.71719, 0.63809
15.875, 0.05501, 0.30449, -1.02168, 0.71719, 0.65569
15.900, 0.04751, 0.30449, -1.02168, 0.71719, 0.67329
15.925, 0.04001, 0.30449, -1.02168, 0.71719, 0.69089
15.950, 0.03251, 0.30449, -1.02168, 0.71719, 0.70849
15.975, 0.02501, 0.30449, -1.02168, 0.71719, 0.72610
16.000, 0.01751, 0.30449, -1.02168, 0.71719, 0.74370
16.025, 0.01001, 0.30449, -1.02168, 0.71719, 0.76130
16.050, 0.00251, 0.30449, -1.02168, 0.71719, 0.77890
16.075, -0.00499, 0.30449, -1.02168, 0.71719, 0.79650
16.100, -0.01249, 0.30449, -1.02168, 0.71719, 0.81410
16.125, -0.01999, 0.30449, -1.02168, 0.71719, 0.83170
16.150, -0.02749, 0.30449, -1.02168, 0.71719, 0.84930
16.175, -0.03499, 0.30449, -1.02168, 0.71719, 0.86690
16.200, -0.04249, 0.30449, -1.02168, 0.71719, 0.88450
16.225, -0.04999, 0.30449, -1.02168, 0.71719, 0.90210
16.250, -0.05749, 0.30449, -1.02168, 0.71719, 0.91970
16.275, -0.06499, 0.30449, -1.02168, 0.71719, 0.93730
16.300, -0.07249, 0.30449, -1.02168, 0.71719, 0.95490
16.325, -0.07999, 0.30449, -1.02168, 0.71719, 0.97250
16.350, -0.08749, 0.30449, -1.02168, 0.71719, 0.99010
16.375, -0.09499, 0.30449, -1.02168, 0.71719, 1.00770
16.400, -0.10249, 0.30449, -1.02168, 0.71719, 1.02531
16.425, -0.10999, 0.30449, -1.02168, 0.71719, 1.04291
16.450, -0.11749, 0.30449, -1.02168, 0.71719, 1.06051
16.475, -0.12499, 0.30449, -1.02168, 0.71719, 1.07811
16.500, -0.13249, 0.30449, -1.02168, 0.71719, 1.09571
16.525, -0.13999, 0.30449, -1.02168, 0.71719, 1.11331
16.550, -0.14749, 0.30449, -1.02168, 0.71719, 1.13091
16.575, -0.15499, 0.30449, -1.02168, 0.71719, 1.14850
16.600, -0.16249, 0.30449, -1.02168, 0.71719, 1.16605
16.625, -0.16999, 0.30449, -1.02168, 0.71719, 1.18354
16.650, -0.17749, 0.30449, -1.02168, 0.71719, 1.20094
16.675, -0.18499, 0.30449, -1.02168, 0.71719, 1.21822
16.700, -0.19249, 0.30449, -1.02168, 0.71719, 1.23535
16.725, -0.19999, 0.30449, -1.02168, 0.71719, 1.25230
16.750, -0.20749, 0.30449, -1.02168, 0.71719, 1.26905
16.775, -0.21499, 0.30449, -1.02168, 0.71719, 1.28557
16.800, -0.22249, 0.30449, -1.02168, 0.71719, 1.30182
16.825, -0.22999, 0.30449, -1.02168, 0.71719, 1.31779
16.850, -0.23749, 0.30449, -1.02168, 0.71719, 1.33345
16.875, -0.24499, 0.30449, -1.02168, 0.71719, 1.34876
16.900, -0.25245, 0.30449, -1.02168, 0.71719, 1.36370
16.925, -0.25986, 0.30449, -1.02168, 0.71719, 1.37824
16.950, -0.26717, 0.30449, -1.02168, 0.71719, 1.39235
16.975, -0.27437, 0.30449, -1.02168, 0.71719, 1.40601
17.000, -0.28140, 0.30449, -1.02168, 0.71719, 1.41918
17.025, -0.28826, 0.30449, -1.02168, 0.71719, 1.43184
17.050, -0.29489, 0.30449, -1.02168, 0.71719, 1.44396
17.075, -0.30129, 0.30449, -1.02168, 0.71719, 1.45552
17.100, -0.30743, 0.30449, -1.02168, 0.71719, 1.46648
17.125, -0.31332, 0.30449, -1.02168, 0.71719, 1.47683
17.150, -0.31896, 0.30449, -1.02168, 0.71719, 1.48655
17.175, -0.32436, 0.30449, -1.02168, 0.71719, 1.49566
17.200, -0.32950, 0.30449, -1.02168, 0.71719, 1.50415
17.225, -0.33439, 0.30449, -1.02168, 0.71719, 1.51201
17.250, -0.33903, 0.30449, -1.02168, 0.71719, 1.51926
17.275, -0.34342, 0.30449, -1.02168, 0.71719, 1.52589
17.300, -0.34757, 0.30449, -1.02168, 0.71719, 1.53192
17.325, -0.35146, 0.30449, -1.02168, 0.71719, 1.53739
17.350, -0.35510, 0.30449, -1.02168, 0.71719, 1.54232
17.375, -0.35849, 0.30449, -1.02168, 0.71719, 1.54675
17.400, -0.36164, 0.30449, -1.02168, 0.71719, 1.55068
17.425, -0.36453, 0.30449, -1.02168, 0.71719, 1.55416
17.450, -0.36717, 0.30449, -1.02168, 0.71719, 1.55722
17.475, -0.36956, 0.30449, -1.02168, 0.71719, 1.55988
17.500, -0.37171, 0.30449, -1.02168, 0.71719, 1.56216
17.525, -0.37360, 0.30449, -1.02168, 0.71719, 1.56410
17.550, -0.37524, 0.30449, -1.02168, 0.71719, 1.56573
17.575, -0.37663, 0.30449, -1.02168, 0.71719, 1.56707
17.600, -0.37777, 0.30449, -1.02168, 0.71719, 1.56815
17.625, -0.37867, 0.30449, -1.02168, 0.71719, 1.56900
17.650, -0.37935, 0.30449, -1.02168, 0.71719, 1.56964
17.675, -0.37983, 0.30449, -1.02168, 0.71719, 1.57011
17.700, -0.38016, 0.30449, -1.02168, 0.71719, 1.57043
17.725, -0.38036, 0.30449, -1.02168, 0.71719, 1.57064
17.750, -0.38046, 0.30449, -1.02168, 0.71719, 1.57075
17.775, -0.38050, 0.30449, -1.02168, 0.71719, 1.57079
17.800, -0.38051, 0.30449, -1.02168, 0.71719, 1.57080
17.825, -0.38051, 0.30449, -1.02168, 0.71719, 1.57080
17.850, -0.38051, 0.30449, -1.02168, 0.71719, 1.57080
17.875, -0.38051, 0.30449, -1.02168, 0.71719, 1.57080
17.900, -0.38051, 0.30449, -1.02168, 0.71719, 1.57080
17.925, -0.38051, 0.30449, -1.02168, 0.71719, 1.57080
17.950, -0.38051, 0.30449, -1.02168, 0.71719, 1.57080
17.975, -0.38051, 0.30449, -1.02168, 0.71719, 1.57080
18.000, -0.38051, 0.30449, -1.02168, 0.71719, 1.57080
18.025, -0.38051, 0.30449, -1.02168, 0.71719, 1.57080
18.050, -0.38051, 0.30449, -1.02168, 0.71719, 1.57080
18.075, -0.38051, 0.30449, -1.02168, 0.71719, 1.57080
18.100, -0.38051, 0.30449, -1.02168, 0.71719, 1.57080
18.125, -0.38051, 0.30449, -1.02168, 0.71719, 1.57080
18.150, -0.38051, 0.30449, -1.02168, 0.71719, 1.57080
18.175, -0.38051, 0.30449, -1.02168, 0.71719, 1.57080
18.200, -0.38051, 0.30449, -1.02168, 0.71719, 1.57080
18.225, -0.38051, 0.30449, -1.02168, 0.71719, 1.57080
18.250, -0.38051, 0.30449, -1.02168, 0.71720, 1.57080
18.275, -0.38051, 0.30449, -1.02168, 0.71720, 1.57080
18.300, -0.38051, 0.30449, -1.02168, 0.71720, 1.57080
18.325, -0.38051, 0.30449, -1.02168, 0.71720, 1.57080
18.350, -0.38051, 0.30449, -1.02168, 0.71720, 1.57080
18.375, -0.38051, 0.30449, -1.02168, 0.71720, 1.57079
18.400, -0.38051, 0.30449, -1.02168, 0.71720, 1.57079
18.425, -0.38051, 0.30449, -1.02168, 0.71720, 1.57079
18.450, -0.38051, 0.30449, -1.02168, 0.71720, 1.57079
18.475, -0.38051, 0.30449, -1.02168, 0.71720, 1.57079
18.500, -0.38051, 0.30449, -1.02168, 0.71720, 1.57079
18.525, -0.38051, 0.30449, -1.02168, 0.71720, 1.57079
18.550, -0.38051, 0.30449, -1.02168, 0.71720, 1.57079
18.575, -0.38051, 0.30449, -1.02168, 0.71720, 1.57079
18.600, -0.38051, 0.30449, -1.02168, 0.71720, 1.57079
18.625, -0.38051, 0.30449, -1.02168, 0.71720, 1.57079
18.650, -0.38051, 0.30449, -1.02168, 0.71719, 1.57079
18.675, -0.38051, 0.30449, -1.02168, 0.71719, 1.57080
18.700, -0.38051, 0.30449, -1.02168, 0.71719, 1.57080
18.725, -0.38051, 0.30449, -1.02168, 0.71719, 1.57080
18.750, -0.38051, 0.30449, -1.02168, 0.71719, 1.57080
18.775, -0.38051, 0.30449, -1.02168, 0.71719, 1.57080
18.800, -0.38051, 0.30449, -1.02168, 0.71719, 1.57080
18.825, -0.38051, 0.30449, -1.02167, 0.71718, 1.57082
18.850, -0.38051, 0.30451, -1.02162, 0.71714, 1.57089
18.875, -0.38051, 0.30454, -1.02151, 0.71703, 1.57108
18.900, -0.38051, 0.30460, -1.02130, 0.71685, 1.57142
18.925, -0.38051, 0.30470, -1.02095, 0.71655, 1.57196
18.950, -0.38051, 0.30485, -1.02044, 0.71612, 1.57274
18.975, -0.38051, 0.30504, -1.01974, 0.71553, 1.57383
19.000, -0.38051, 0.30530, -1.01881, 0.71476, 1.57525
19.025, -0.38051, 0.30563, -1.01763, 0.71377, 1.57706
19.050, -0.38051, 0.30604, -1.01616, 0.71256, 1.57931
19.075, -0.38051, 0.30654, -1.01437, 0.71108, 1.58204
19.100, -0.38051, 0.30714, -1.01223, 0.70932, 1.58529
19.125, -0.38051, 0.30784, -1.00970, 0.70725, 1.58913
19.150, -0.38051, 0.30865, -1.00677, 0.70485, 1.59358
19.175, -0.38051, 0.30958, -1.00340, 0.70209, 1.59870
19.200, -0.38051, 0.31065, -0.99960, 0.69895, 1.60454
19.225, -0.38051, 0.31185, -0.99535, 0.69540, 1.61114
19.250, -0.38051, 0.31320, -0.99067, 0.69141, 1.61855
19.275, -0.38051, 0.31471, -0.98555, 0.68696, 1.62682
19.300, -0.38051, 0.31638, -0.97999, 0.68203, 1.63596
19.325, -0.38051, 0.31823, -0.97401, 0.67660, 1.64597
19.350, -0.38051, 0.32025, -0.96763, 0.67063, 1.65685
19.375, -0.38051, 0.32246, -0.96087, 0.66410, 1.66861
19.400, -0.38051, 0.32486, -0.95378, 0.65699, 1.68125
19.425, -0.38051, 0.32744, -0.94638, 0.64931, 1.69474
19.450, -0.38051, 0.33020, -0.93871, 0.64106, 1.70904
19.475, -0.38051, 0.33314, -0.93079, 0.63223, 1.72410
19.500, -0.38051, 0.33627, -0.92267, 0.62282, 1.73987
19.525, -0.38051, 0.33959, -0.91436, 0.61284, 1.75632
19.550, -0.38051, 0.34309, -0.90590, 0.60229, 1.77339
19.575, -0.38051, 0.34677, -0.89732, 0.59119, 1.79103
19.600, -0.38051, 0.35063, -0.88865, 0.57955, 1.80920
19.625, -0.38051, 0.35466, -0.87993, 0.56742, 1.82786
19.650, -0.38051, 0.35886, -0.87118, 0.55480, 1.84695
19.675, -0.38051, 0.36321, -0.86243, 0.54173, 1.86643
19.700, -0.38051, 0.36771, -0.85368, 0.52824, 1.88625
19.725, -0.38051, 0.37234, -0.84493, 0.51434, 1.90636
19.750, -0.38051, 0.37710, -0.83618, 0.50006, 1.92673
19.775, -0.38051, 0.38199, -0.82743, 0.48543, 1.94729
19.800, -0.38051, 0.38698, -0.81868, 0.47047, 1.96801
19.825, -0.38051, 0.39208, -0.80993, 0.45520, 1.98884
19.850, -0.38051, 0.39727, -0.80118, 0.43966, 2.00972
19.875, -0.38051, 0.40255, -0.79243, 0.42387, 2.03063
19.900, -0.38051, 0.40791, -0.78368, 0.40784, 2.05153
19.925, -0.38051, 0.41334, -0.77493, 0.39162, 2.07244
19.950, -0.38051, 0.41882, -0.76618, 0.37521, 2.09334
19.975, -0.38051, 0.42436, -0.75743, 0.35865, 2.11425
20.000, -0.38051, 0.42994, -0.74868, 0.34196, 2.13515
20.025, -0.38051, 0.43556, -0.73993, 0.32517, 2.15605
20.050, -0.38051, 0.44121, -0.73118, 0.30830, 2.17696
20.075, -0.38051, 0.44687, -0.72243, 0.29138, 2.19786
20.100, -0.38051, 0.45254, -0.71368, 0.27443, 2.21877
20.125, -0.38051, 0.45822, -0.70493, 0.25747, 2.23967
20.150, -0.38051, 0.46389, -0.69618, 0.24051, 2.26058
20.175, -0.38051, 0.46956, -0.68743, 0.22355, 2.28148
20.200, -0.38051, 0.47524, -0.67868, 0.20659, 2.30239
20.225, -0.38051, 0.48091, -0.66993, 0.18964, 2.32329
20.250, -0.38051, 0.48659, -0.66118, 0.17268, 2.34419
20.275, -0.38051, 0.49226, -0.65243, 0.15572, 2.36510
20.300, -0.38051, 0.49793, -0.64368, 0.13876, 2.38600
20.325, -0.38051, 0.50361, -0.63493, 0.12180, 2.40691
20.350, -0.38051, 0.50928, -0.62618, 0.10484, 2.42781
20.375, -0.38051, 0.51496, -0.61743, 0.08789, 2.44872
20.400, -0.38051, 0.52063, -0.60868, 0.07093, 2.46962
20.425, -0.38051, 0.52630, -0.59993, 0.05397, 2.49053
20.450, -0.38051, 0.53198, -0.59118, 0.03702, 2.51143
20.475, -0.38051, 0.53764, -0.58243, 0.02011, 2.53233
20.500, -0.38051, 0.54329, -0.57368, 0.00326, 2.55324
20.525, -0.38051, 0.54891, -0.56493, -0.01351, 2.57414
20.550, -0.38051, 0.55450, -0.55618, -0.03017, 2.59505
20.575, -0.38051, 0.56004, -0.54743, -0.04669, 2.61595
20.600, -0.38051, 0.56554, -0.53868, -0.06305, 2.63686
20.625, -0.38051, 0.57097, -0.52993, -0.07923, 2.65776
20.650, -0.38051, 0.57634, -0.52118, -0.09519, 2.67867
20.675, -0.38051, 0.58163, -0.51243, -0.11092, 2.69957
20.700, -0.38051, 0.58684, -0.50368, -0.12640, 2.72046
20.725, -0.38051, 0.59195, -0.49493, -0.14158, 2.74130
20.750, -0.38051, 0.59696, -0.48618, -0.15646, 2.76204
20.775, -0.38051, 0.60186, -0.47743, -0.17100, 2.78263
20.800, -0.38051, 0.60663, -0.46868, -0.18519, 2.80303
20.825, -0.38051, 0.61129, -0.45993, -0.19898, 2.82318
20.850, -0.38051, 0.61580, -0.45118, -0.21237, 2.84305
20.875, -0.38051, 0.62017, -0.44243, -0.22533, 2.86258
20.900, -0.38051, 0.62439, -0.43368, -0.23782, 2.88173
20.925, -0.38051, 0.62845, -0.42495, -0.24983, 2.90045
20.950, -0.38051, 0.63233, -0.41628, -0.26133, 2.91870
20.975, -0.38051, 0.63604, -0.40768, -0.27229, 2.93642
21.000, -0.38051, 0.63956, -0.39921, -0.28270, 2.95358
21.025, -0.38051, 0.64290, -0.39087, -0.29253, 2.97012
21.050, -0.38051, 0.64605, -0.38272, -0.30179, 2.98600
21.075, -0.38051, 0.64903, -0.37477, -0.31047, 3.00117
21.100, -0.38051, 0.65181, -0.36706, -0.31857, 3.01558
21.125, -0.38051, 0.65441, -0.35962, -0.32610, 3.02920
21.150, -0.38051, 0.65683, -0.35249, -0.33306, 3.04196
21.175, -0.38051, 0.65907, -0.34569, -0.33944, 3.05385
21.200, -0.38051, 0.66112, -0.33925, -0.34527, 3.06486
21.225, -0.38051, 0.66299, -0.33320, -0.35058, 3.07501
21.250, -0.38051, 0.66468, -0.32759, -0.35538, 3.08427
21.275, -0.38051, 0.66621, -0.32241, -0.35970, 3.09267
21.300, -0.38051, 0.66758, -0.31767, -0.36357, 3.10020
21.325, -0.38051, 0.66881, -0.31336, -0.36702, 3.10692
21.350, -0.38051, 0.66989, -0.30949, -0.37006, 3.11287
21.375, -0.38051, 0.67084, -0.30606, -0.37273, 3.11809
21.400, -0.38051, 0.67167, -0.30307, -0.37504, 3.12264
21.425, -0.38051, 0.67239, -0.30049, -0.37703, 3.12657
21.450, -0.38051, 0.67299, -0.29830, -0.37871, 3.12991
21.475, -0.38051, 0.67350, -0.29646, -0.38012, 3.13271
21.500, -0.38051, 0.67393, -0.29495, -0.38127, 3.13502
21.525, -0.38051, 0.67427, -0.29373, -0.38219, 3.13690
21.550, -0.38051, 0.67454, -0.29277, -0.38292, 3.13838
21.575, -0.38051, 0.67474, -0.29204, -0.38346, 3.13951
21.600, -0.38051, 0.67489, -0.29150, -0.38386, 3.14033
21.625, -0.38051, 0.67500, -0.29113, -0.38412, 3.14091
21.650, -0.38051, 0.67506, -0.29090, -0.38429, 3.14127
21.675, -0.38051, 0.67510, -0.29078, -0.38437, 3.14148
21.700, -0.38051, 0.67512, -0.29072, -0.38440, 3.14157
21.725, -0.38051, 0.67512, -0.29071, -0.38441, 3.14159
21.750, -0.38051, 0.67512, -0.29071, -0.38441, 3.14159
21.775, -0.38051, 0.67512, -0.29071, -0.38441, 3.14159
21.800, -0.38051, 0.67512, -0.29071, -0.38441, 3.14159
21.825, -0.38051, 0.67512, -0.29071, -0.38441, 3.14159
21.850, -0.38051, 0.67512, -0.29071, -0.38441, 3.14159
21.875, -0.38051, 0.67512, -0.29071, -0.38441, 3.14159
21.900, -0.38051, 0.67512, -0.29071, -0.38441, 3.14159
21.925, -0.38051, 0.67512, -0.29071, -0.38441, 3.14160
21.950, -0.38051, 0.67512, -0.29071, -0.38441, 3.14160
21.975, -0.38051, 0.67512, -0.29071, -0.38441, 3.14160
22.000, -0.38051, 0.67512, -0.29071, -0.38441, 3.14160
22.025, -0.38051, 0.67512, -0.29071, -0.38441, 3.14160
22.050, -0.38051, 0.67512, -0.29071, -0.38441, 3.14160
22.075, -0.38051, 0.67512, -0.29071, -0.38441, 3.14160
22.100, -0.38051, 0.67512, -0.29071, -0.38440, 3.14160
22.125, -0.38051, 0.67512, -0.29071, -0.38440, 3.14160
22.150, -0.38051, 0.67512, -0.29071, -0.38440, 3.14160
22.175, -0.38051, 0.67512, -0.29071, -0.38440, 3.14160
22.200, -0.38051, 0.67512, -0.29071, -0.38440, 3.14160
22.225, -0.38051, 0.67512, -0.29071, -0.38440, 3.14160
22.250, -0.38051, 0.67512, -0.29071, -0.38440, 3.14160
22.275, -0.38051, 0.67512, -0.29071, -0.38440, 3.14160
22.300, -0.38051, 0.67512, -0.29071, -0.38440, 3.14160
22.325, -0.38051, 0.67512, -0.29071, -0.38440, 3.14160
22.350, -0.38051, 0.67512, -0.29071, -0.38440, 3.14160
22.375, -0.38051, 0.67512, -0.29071, -0.38440, 3.14160
22.400, -0.38051, 0.67512, -0.29071, -0.38440, 3.14160
22.425, -0.38051, 0.67512, -0.29071, -0.38440, 3.14160
22.450, -0.38051, 0.67512, -0.29071, -0.38440, 3.14160
22.475, -0.38051, 0.67512, -0.29071, -0.38441, 3.14160
22.500, -0.38051, 0.67512, -0.29071, -0.38441, 3.14160
22.525, -0.38051, 0.67512, -0.29071, -0.38441, 3.14160
22.550, -0.38051, 0.67512, -0.29071, -0.38441, 3.14160
22.575, -0.38051, 0.67512, -0.29071, -0.38441, 3.14160
22.600, -0.38051, 0.67512, -0.29071, -0.38441, 3.14160
22.625, -0.38051, 0.67512, -0.29071, -0.38441, 3.14159
22.650, -0.38051, 0.67512, -0.29071, -0.38441, 3.14159
22.675, -0.38051, 0.67512, -0.29071, -0.38441, 3.14159
22.700, -0.38051, 0.67512, -0.29071, -0.38441, 3.14159
22.725, -0.38051, 0.67512, -0.29071, -0.38441, 3.14159
22.750, -0.38051, 0.67513, -0.29071, -0.38441, 3.14158
22.775, -0.38050, 0.67516, -0.29075, -0.38442, 3.14152
22.800, -0.38049, 0.67526, -0.29084, -0.38445, 3.14137
22.825, -0.38047, 0.67545, -0.29101, -0.38449, 3.14108
22.850, -0.38044, 0.67577, -0.29130, -0.38456, 3.14062
22.875, -0.38039, 0.67624, -0.29173, -0.38466, 3.13992
22.900, -0.38033, 0.67690, -0.29233, -0.38480, 3.13896
22.925, -0.38024, 0.67779, -0.29313, -0.38498, 3.13768
22.950, -0.38014, 0.67892, -0.29415, -0.38521, 3.13605
22.975, -0.38000, 0.68033, -0.29543, -0.38550, 3.13402
23.000, -0.37984, 0.68205, -0.29700, -0.38584, 3.13154
23.025, -0.37964, 0.68412, -0.29887, -0.38626, 3.12857
23.050, -0.37941, 0.68656, -0.30108, -0.38674, 3.12507
23.075, -0.37914, 0.68941, -0.30367, -0.38730, 3.12099
23.100, -0.37883, 0.69269, -0.30664, -0.38795, 3.11629
23.125, -0.37848, 0.69641, -0.31003, -0.38868, 3.11092
23.150, -0.37808, 0.70056, -0.31383, -0.38952, 3.10484
23.175, -0.37763, 0.70516, -0.31803, -0.39045, 3.09801
23.200, -0.37713, 0.71019, -0.32265, -0.39149, 3.09038
23.225, -0.37658, 0.71566, -0.32767, -0.39264, 3.08192
23.250, -0.37598, 0.72156, -0.33310, -0.39391, 3.07262
23.275, -0.37533, 0.72787, -0.33894, -0.39531, 3.06248
23.300, -0.37462, 0.73455, -0.34514, -0.39683, 3.05149
23.325, -0.37387, 0.74158, -0.35169, -0.39850, 3.03967
23.350, -0.37307, 0.74892, -0.35855, -0.40030, 3.02701
23.375, -0.37222, 0.75654, -0.36570, -0.40225, 3.01354
23.400, -0.37131, 0.76440, -0.37311, -0.40436, 2.99931
23.425, -0.37036, 0.77249, -0.38075, -0.40663, 2.98435
23.450, -0.36935, 0.78077, -0.38859, -0.40906, 2.96872
23.475, -0.36829, 0.78920, -0.39660, -0.41166, 2.95246
23.500, -0.36719, 0.79776, -0.40476, -0.41444, 2.93560
23.525, -0.36603, 0.80641, -0.41304, -0.41740, 2.91821
23.550, -0.36482, 0.81512, -0.42140, -0.42055, 2.90031
23.575, -0.36356, 0.82387, -0.42983, -0.42390, 2.88196
23.600, -0.36225, 0.83262, -0.43829, -0.42744, 2.86319
23.625, -0.36089, 0.84137, -0.44675, -0.43119, 2.84406
23.650, -0.35948, 0.85012, -0.45522, -0.43516, 2.82460
23.675, -0.35802, 0.85887, -0.46368, -0.43934, 2.80486
23.700, -0.35651, 0.86762, -0.47215, -0.44374, 2.78489
23.725, -0.35494, 0.87637, -0.48061, -0.44835, 2.76472
23.750, -0.35333, 0.88512, -0.48908, -0.45319, 2.74441
23.775, -0.35167, 0.89387, -0.49754, -0.45824, 2.72399
23.800, -0.34995, 0.90262, -0.50601, -0.46351, 2.70351
23.825, -0.34819, 0.91137, -0.51447, -0.46900, 2.68302
23.850, -0.34637, 0.92012, -0.52294, -0.47471, 2.66253
23.875, -0.34450, 0.92887, -0.53140, -0.48063, 2.64203
23.900, -0.34259, 0.93762, -0.53987, -0.48677, 2.62154
23.925, -0.34062, 0.94637, -0.54833, -0.49313, 2.60104
23.950, -0.33860, 0.95512, -0.55680, -0.49971, 2.58055
23.975, -0.33653, 0.96387, -0.56526, -0.50649, 2.56006
24.000, -0.33441, 0.97262, -0.57373, -0.51348, 2.53956
24.025, -0.33224, 0.98137, -0.58219, -0.52066, 2.51907
24.050, -0.33002, 0.99012, -0.59066, -0.52804, 2.49858
24.075, -0.32775, 0.99887, -0.59912, -0.53560, 2.47808
24.100, -0.32542, 1.00762, -0.60758, -0.54334, 2.45759
24.125, -0.32305, 1.01637, -0.61605, -0.55126, 2.43709
24.150, -0.32063, 1.02512, -0.62451, -0.55935, 2.41660
24.175, -0.31815, 1.03387, -0.63298, -0.56759, 2.39611
24.200, -0.31563, 1.04262, -0.64144, -0.57600, 2.37561
24.225, -0.31305, 1.05137, -0.64991, -0.58456, 2.35512
24.250, -0.31042, 1.06012, -0.65837, -0.59326, 2.33462
24.275, -0.30775, 1.06887, -0.66684, -0.60210, 2.31413
24.300, -0.30502, 1.07762, -0.67530, -0.61107, 2.29364
24.325, -0.30224, 1.08637, -0.68377, -0.62017, 2.27314
24.350, -0.29941, 1.09512, -0.69223, -0.62939, 2.25265
24.375, -0.29653, 1.10387, -0.70070, -0.63873, 2.23215
24.400, -0.29360, 1.11262, -0.70916, -0.64818, 2.21166
24.425, -0.29062, 1.12137, -0.71763, -0.65774, 2.19117
24.450, -0.28760, 1.13012, -0.72609, -0.66739, 2.17067
24.475, -0.28453, 1.13887, -0.73456, -0.67713, 2.15018
24.500, -0.28142, 1.14762, -0.74302, -0.68697, 2.12969
24.525, -0.27827, 1.15637, -0.75149, -0.69688, 2.10919
24.550, -0.27509, 1.16512, -0.75995, -0.70687, 2.08870
24.575, -0.27188, 1.17387, -0.76842, -0.71693, 2.06820
24.600, -0.26864, 1.18262, -0.77688, -0.72705, 2.04771
24.625, -0.26537, 1.19137, -0.78535, -0.73723, 2.02722
24.650, -0.26208, 1.20012, -0.79381, -0.74746, 2.00672
24.675, -0.25876, 1.20887, -0.80228, -0.75773, 1.98623
24.700, -0.25543, 1.21762, -0.81074, -0.76805, 1.96573
24.725, -0.25209, 1.22637, -0.81921, -0.77840, 1.94524
24.750, -0.24873, 1.23512, -0.82767, -0.78879, 1.92475
24.775, -0.24537, 1.24387, -0.83614, -0.79919, 1.90425
24.800, -0.24200, 1.25262, -0.84460, -0.80961, 1.88376
24.825, -0.23862, 1.26137, -0.85307, -0.82004, 1.86326
24.850, -0.23525, 1.27012, -0.86153, -0.83048, 1.84277
24.875, -0.23187, 1.27887, -0.87000, -0.84092, 1.82228
24.900, -0.22849, 1.28762, -0.87846, -0.85136, 1.80178
24.925, -0.22512, 1.29637, -0.88693, -0.86179, 1.78129
24.950, -0.22174, 1.30512, -0.89539, -0.87223, 1.76080
24.975, -0.21837, 1.31387, -0.90386, -0.88267, 1.74030
25.000, -0.21499, 1.32262, -0.91232, -0.89311, 1.71981
25.025, -0.21161, 1.33137, -0.92078, -0.90355, 1.69931
25.050, -0.20824, 1.34012, -0.92925, -0.91398, 1.67882
25.075, -0.20486, 1.34887, -0.93771, -0.92442, 1.65833
25.100, -0.20149, 1.35762, -0.94618, -0.93486, 1.63783
25.125, -0.19811, 1.36637, -0.95464, -0.94530, 1.61734
25.150, -0.19474, 1.37512, -0.96311, -0.95573, 1.59684
25.175, -0.19136, 1.38387, -0.97157, -0.96617, 1.57635
25.200, -0.18798, 1.39262, -0.98004, -0.97661, 1.55586
25.225, -0.18461, 1.40137, -0.98850, -0.98705, 1.53536
25.250, -0.18123, 1.41012, -0.99697, -0.99749, 1.51487
25.275, -0.17786, 1.41887, -1.00543, -1.00792, 1.49437
25.300, -0.17448, 1.42762, -1.01390, -1.01836, 1.47388
25.325, -0.17111, 1.43637, -1.02236, -1.02880, 1.45339
25.350, -0.16773, 1.44512, -1.03083, -1.03924, 1.43289
25.375, -0.16435, 1.45387, -1.03929, -1.04968, 1.41240
25.400, -0.16098, 1.46262, -1.04776, -1.06011, 1.39191
25.425, -0.15760, 1.47137, -1.05622, -1.07055, 1.37141
25.450, -0.15423, 1.48012, -1.06469, -1.08099, 1.35092
25.475, -0.15085, 1.48887, -1.07315, -1.09143, 1.33042
25.500, -0.14748, 1.49762, -1.08162, -1.10186, 1.30993
25.525, -0.14410, 1.50637, -1.09008, -1.11230, 1.28944
25.550, -0.14072, 1.51512, -1.09855, -1.12274, 1.26894
25.575, -0.13735, 1.52387, -1.10701, -1.13316, 1.24845
25.600, -0.13398, 1.53262, -1.11548, -1.14357, 1.22795
25.625, -0.13062, 1.54137, -1.12394, -1.15395, 1.20746
25.650, -0.12726, 1.55012, -1.13241, -1.16431, 1.18697
25.675, -0.12392, 1.55887, -1.14087, -1.17464, 1.16647
25.700, -0.12060, 1.56762, -1.14934, -1.18492, 1.14598
25.725, -0.11730, 1.57637, -1.15780, -1.19516, 1.12548
25.750, -0.11401, 1.58512, -1.16627, -1.20535, 1.10499
25.775, -0.11075, 1.59387, -1.17473, -1.21548, 1.08450
25.800, -0.10752, 1.60262, -1.18320, -1.22556, 1.06400
25.825, -0.10432, 1.61137, -1.19166, -1.23556, 1.04351
25.850, -0.10115, 1.62012, -1.20013, -1.24549, 1.02302
25.875, -0.09801, 1.62887, -1.20859, -1.25533, 1.00252
25.900, -0.09492, 1.63762, -1.21706, -1.26510, 0.98203
25.925, -0.09186, 1.64637, -1.22552, -1.27477, 0.96153
25.950, -0.08885, 1.65512, -1.23398, -1.28434, 0.94104
25.975, -0.08589, 1.66387, -1.24245, -1.29381, 0.92055
26.000, -0.08298, 1.67262, -1.25091, -1.30317, 0.90005
26.025, -0.08012, 1.68137, -1.25938, -1.31242, 0.87956
26.050, -0.07730, 1.69012, -1.26784, -1.32154, 0.85906
26.075, -0.07454, 1.69887, -1.27631, -1.33054, 0.83857
26.100, -0.07183, 1.70762, -1.28477, -1.33941, 0.81808
26.125, -0.06917, 1.71637, -1.29324, -1.34813, 0.79758
26.150, -0.06656, 1.72512, -1.30170, -1.35672, 0.77709
26.175, -0.06401, 1.73387, -1.31017, -1.36515, 0.75659
26.200, -0.06150, 1.74262, -1.31863, -1.37343, 0.73610
26.225, -0.05904, 1.75137, -1.32710, -1.38155, 0.71561
26.250, -0.05663, 1.76012, -1.33556, -1.38950, 0.69511
26.275, -0.05428, 1.76887, -1.34403, -1.39727, 0.67462
26.300, -0.05197, 1.77762, -1.35249, -1.40487, 0.65413
26.325, -0.04972, 1.78637, -1.36096, -1.41228, 0.63363
26.350, -0.04752, 1.79512, -1.36942, -1.41951, 0.61314
26.375, -0.04536, 1.80387, -1.37789, -1.42653, 0.59264
26.400, -0.04326, 1.81262, -1.38635, -1.43336, 0.57215
26.425, -0.04121, 1.82137, -1.39482, -1.43997, 0.55166
26.450, -0.03921, 1.83012, -1.40328, -1.44637, 0.53116
26.475, -0.03726, 1.83887, -1.41175, -1.45256, 0.51067
26.500, -0.03536, 1.84762, -1.42021, -1.45852, 0.49017
26.525, -0.03351, 1.85637, -1.42868, -1.46427, 0.46968
26.550, -0.03171, 1.86512, -1.43714, -1.46980, 0.44919
26.575, -0.02996, 1.87387, -1.44561, -1.47511, 0.42870
26.600, -0.02826, 1.88262, -1.45407, -1.48021, 0.40824
26.625, -0.02662, 1.89137, -1.46254, -1.48508, 0.38787
26.650, -0.02502, 1.90012, -1.47100, -1.48974, 0.36761
26.675, -0.02348, 1.90887, -1.47947, -1.49418, 0.34753
26.700, -0.02198, 1.91762, -1.48793, -1.49841, 0.32766
26.725, -0.02054, 1.92637, -1.49640, -1.50241, 0.30805
26.750, -0.01914, 1.93512, -1.50486, -1.50620, 0.28873
26.775, -0.01780, 1.94387, -1.51333, -1.50979, 0.26976
26.800, -0.01651, 1.95262, -1.52178, -1.51317, 0.25118
26.825, -0.01527, 1.96136, -1.53019, -1.51636, 0.23303
26.850, -0.01408, 1.97006, -1.53853, -1.51936, 0.21535
26.875, -0.01294, 1.97869, -1.54678, -1.52217, 0.19820
26.900, -0.01185, 1.98722, -1.55490, -1.52481, 0.18161
26.925, -0.01081, 1.99562, -1.56286, -1.52727, 0.16563
26.950, -0.00982, 2.00385, -1.57065, -1.52957, 0.15030
26.975, -0.00888, 2.01189, -1.57822, -1.53170, 0.13567
27.000, -0.00799, 2.01971, -1.58556, -1.53369, 0.12178
27.025, -0.00716, 2.02726, -1.59262, -1.53552, 0.10868
27.050, -0.00637, 2.03453, -1.59940, -1.53721, 0.09640
27.075, -0.00564, 2.04147, -1.60585, -1.53876, 0.08496
27.100, -0.00495, 2.04807, -1.61195, -1.54018, 0.07437
27.125, -0.00432, 2.05428, -1.61767, -1.54148, 0.06461
27.150, -0.00374, 2.06008, -1.62298, -1.54265, 0.05569
27.175, -0.00320, 2.06544, -1.62788, -1.54371, 0.04761
27.200, -0.00272, 2.07036, -1.63238, -1.54466, 0.04035
27.225, -0.00229, 2.07485, -1.63647, -1.54551, 0.03387
27.250, -0.00191, 2.07890, -1.64014, -1.54627, 0.02813
27.275, -0.00157, 2.08252, -1.64341, -1.54693, 0.02307
27.300, -0.00127, 2.08569, -1.64627, -1.54751, 0.01866
27.325, -0.00102, 2.08844, -1.64874, -1.54801, 0.01485
27.350, -0.00080, 2.09079, -1.65085, -1.54843, 0.01160
27.375, -0.00061, 2.09277, -1.65263, -1.54879, 0.00886
27.400, -0.00046, 2.09441, -1.65411, -1.54909, 0.00659
27.425, -0.00033, 2.09575, -1.65531, -1.54933, 0.00474
27.450, -0.00023, 2.09682, -1.65627, -1.54952, 0.00328
27.475, -0.00016, 2.09764, -1.65700, -1.54966, 0.00215
27.500, -0.00010, 2.09826, -1.65755, -1.54977, 0.00132
27.525, -0.00006, 2.09869, -1.65794, -1.54985, 0.00073
27.550, -0.00003, 2.09897, -1.65819, -1.54990, 0.00035
27.575, -0.00001, 2.09914, -1.65834, -1.54992, 0.00013
27.600, -0.00000, 2.09922, -1.65841, -1.54994, 0.00003
27.625, -0.00000, 2.09925, -1.65843, -1.54994, 0.00000
