Time_(s), Base_Joint_Velocity_(rad/s), Shoulder_Joint_Velocity_(rad/s), Elbow_Joint_Velocity_(rad/s), Wrist_Pitch_Joint_Velocity_(rad/s), Wrist_Roll_Joint_Velocity_(rad/s)
0.000, -0.00001, -0.00002, 0.00002, 0.00003, -0.00005
0.017, -0.00007, -0.00046, 0.00042, 0.00017, -0.00080
0.033, -0.00018, -0.00146, 0.00133, 0.00042, -0.00234
0.050, -0.00034, -0.00302, 0.00275, 0.00077, -0.00466
0.067, -0.00055, -0.00513, 0.00466, 0.00123, -0.00776
0.083, -0.00081, -0.00779, 0.00708, 0.00179, -0.01164
0.100, -0.00112, -0.01102, 0.01001, 0.00245, -0.01631
0.117, -0.00149, -0.01479, 0.01343, 0.00321, -0.02176
0.133, -0.00190, -0.01913, 0.01736, 0.00408, -0.02799
0.150, -0.00236, -0.02402, 0.02179, 0.00506, -0.03501
0.167, -0.00288, -0.02946, 0.02673, 0.00613, -0.04281
0.183, -0.00344, -0.03546, 0.03216, 0.00731, -0.05140
0.200, -0.00406, -0.04202, 0.03810, 0.00860, -0.06077
0.217, -0.00473, -0.04913, 0.04455, 0.00998, -0.07092
0.233, -0.00544, -0.05679, 0.05149, 0.01147, -0.08185
0.250, -0.00621, -0.06502, 0.05894, 0.01307, -0.09357
0.267, -0.00703, -0.07379, 0.06690, 0.01476, -0.10607
0.283, -0.00790, -0.08313, 0.07535, 0.01657, -0.11936
0.300, -0.00882, -0.09302, 0.08431, 0.01847, -0.13343
0.317, -0.00979, -0.10346, 0.09377, 0.02048, -0.14828
0.333, -0.01081, -0.11447, 0.10373, 0.02259, -0.16392
0.350, -0.01189, -0.12599, 0.11421, 0.02480, -0.18034
0.367, -0.01301, -0.13767, 0.12508, 0.02712, -0.19754
0.383, -0.01418, -0.14933, 0.13601, 0.02954, -0.21552
0.400, -0.01541, -0.16100, 0.14693, 0.03207, -0.23429
0.417, -0.01668, -0.17267, 0.15785, 0.03470, -0.25385
0.433, -0.01801, -0.18433, 0.16876, 0.03743, -0.27419
0.450, -0.01936, -0.19600, 0.17968, 0.04027, -0.29530
0.467, -0.02071, -0.20767, 0.19060, 0.04321, -0.31721
0.483, -0.02206, -0.21933, 0.20152, 0.04625, -0.33964
0.500, -0.02341, -0.23097, 0.21244, 0.04940, -0.36203
0.517, -0.02477, -0.24221, 0.22333, 0.05265, -0.38443
0.533, -0.02612, -0.25287, 0.23386, 0.05600, -0.40683
0.550, -0.02747, -0.26298, 0.24387, 0.05946, -0.42923
0.567, -0.02882, -0.27254, 0.25338, 0.06302, -0.45163
0.583, -0.03017, -0.28154, 0.26239, 0.06668, -0.47402
0.600, -0.03152, -0.28998, 0.27090, 0.07045, -0.49645
0.617, -0.03287, -0.29787, 0.27890, 0.07432, -0.51857
0.633, -0.03422, -0.30521, 0.28640, 0.07830, -0.53990
0.650, -0.03557, -0.31198, 0.29339, 0.08237, -0.56045
0.667, -0.03692, -0.31821, 0.29988, 0.08656, -0.58022
0.683, -0.03827, -0.32387, 0.30587, 0.09084, -0.59920
0.700, -0.03962, -0.32898, 0.31136, 0.09523, -0.61740
0.717, -0.04097, -0.33354, 0.31634, 0.09972, -0.63481
0.733, -0.04232, -0.33754, 0.32082, 0.10432, -0.65145
0.750, -0.04367, -0.34098, 0.32480, 0.10902, -0.66730
0.767, -0.04502, -0.34387, 0.32828, 0.11382, -0.68236
0.783, -0.04637, -0.34621, 0.33125, 0.11872, -0.69665
0.800, -0.04773, -0.34798, 0.33372, 0.12373, -0.71014
0.817, -0.04908, -0.34921, 0.33568, 0.12885, -0.72286
0.833, -0.05043, -0.34987, 0.33714, 0.13406, -0.73479
0.850, -0.05178, -0.35001, 0.33810, 0.13938, -0.74594
0.867, -0.05313, -0.35000, 0.33856, 0.14481, -0.75630
0.883, -0.05448, -0.35000, 0.33860, 0.15034, -0.76589
0.900, -0.05583, -0.35000, 0.33859, 0.15597, -0.77468
0.917, -0.05718, -0.35000, 0.33860, 0.16170, -0.78270
0.933, -0.05853, -0.35000, 0.33859, 0.16752, -0.78993
0.950, -0.05988, -0.35000, 0.33859, 0.17334, -0.79638
0.967, -0.06123, -0.35000, 0.33859, 0.17914, -0.80204
0.983, -0.06258, -0.35000, 0.33859, 0.18495, -0.80692
1.000, -0.06393, -0.35000, 0.33859, 0.19077, -0.81102
1.017, -0.06528, -0.35000, 0.33859, 0.19658, -0.81433
1.033, -0.06663, -0.35000, 0.33859, 0.20239, -0.81686
1.050, -0.06798, -0.35000, 0.33859, 0.20820, -0.81861
1.067, -0.06934, -0.35000, 0.33859, 0.21401, -0.81957
1.083, -0.07069, -0.35000, 0.33859, 0.21982, -0.81978
1.100, -0.07204, -0.35000, 0.33859, 0.22563, -0.81975
1.117, -0.07339, -0.35000, 0.33859, 0.23144, -0.81976
1.133, -0.07474, -0.35000, 0.33859, 0.23725, -0.81976
1.150, -0.07609, -0.35000, 0.33859, 0.24306, -0.81976
1.167, -0.07744, -0.35000, 0.33859, 0.24888, -0.81976
1.183, -0.07879, -0.35000, 0.33859, 0.25469, -0.81976
1.200, -0.08014, -0.35000, 0.33859, 0.26044, -0.81976
1.217, -0.08149, -0.35000, 0.33859, 0.26610, -0.81976
1.233, -0.08284, -0.35000, 0.33859, 0.27165, -0.81976
1.250, -0.08419, -0.35000, 0.33859, 0.27709, -0.81976
1.267, -0.08554, -0.35000, 0.33859, 0.28243, -0.81976
1.283, -0.08689, -0.35000, 0.33859, 0.28767, -0.81976
1.300, -0.08824, -0.35000, 0.33859, 0.29280, -0.81976
1.317, -0.08959, -0.35000, 0.33859, 0.29783, -0.81976
1.333, -0.09095, -0.35000, 0.33859, 0.30276, -0.81976
1.350, -0.09230, -0.35000, 0.33859, 0.30758, -0.81976
1.367, -0.09365, -0.35000, 0.33859, 0.31230, -0.81976
1.383, -0.09500, -0.35000, 0.33859, 0.31692, -0.81976
1.400, -0.09635, -0.35000, 0.33859, 0.32143, -0.81976
1.417, -0.09770, -0.35000, 0.33859, 0.32584, -0.81976
1.433, -0.09905, -0.35000, 0.33859, 0.33014, -0.81976
1.450, -0.10040, -0.35000, 0.33859, 0.33434, -0.81976
1.467, -0.10175, -0.35000, 0.33859, 0.33844, -0.81976
1.483, -0.10310, -0.35000, 0.33859, 0.34244, -0.81976
1.500, -0.10445, -0.35000, 0.33859, 0.34633, -0.81976
1.517, -0.10580, -0.35000, 0.33859, 0.35011, -0.81976
1.533, -0.10715, -0.35000, 0.33859, 0.35380, -0.81976
1.550, -0.10850, -0.35000, 0.33859, 0.35738, -0.81976
1.567, -0.10985, -0.35000, 0.33859, 0.36086, -0.81976
1.583, -0.11120, -0.35000, 0.33859, 0.36423, -0.81976
1.600, -0.11256, -0.35000, 0.33859, 0.36750, -0.81976
1.617, -0.11390, -0.35000, 0.33859, 0.37067, -0.81976
1.633, -0.11526, -0.35000, 0.33859, 0.37373, -0.81976
1.650, -0.11661, -0.35000, 0.33859, 0.37669, -0.81976
1.667, -0.11795, -0.35000, 0.33859, 0.37954, -0.81976
1.683, -0.11924, -0.35000, 0.33859, 0.38230, -0.81976
1.700, -0.12048, -0.35000, 0.33859, 0.38495, -0.81976
1.717, -0.12167, -0.35000, 0.33859, 0.38749, -0.81976
1.733, -0.12281, -0.35000, 0.33859, 0.38993, -0.81976
1.750, -0.12389, -0.35000, 0.33859, 0.39227, -0.81976
1.767, -0.12493, -0.35000, 0.33859, 0.39451, -0.81976
1.783, -0.12592, -0.35000, 0.33859, 0.39664, -0.81976
1.800, -0.12685, -0.35000, 0.33859, 0.39867, -0.81976
1.817, -0.12774, -0.35000, 0.33859, 0.40059, -0.81976
1.833, -0.12857, -0.35000, 0.33859, 0.40241, -0.81976
1.850, -0.12936, -0.35000, 0.33859, 0.40413, -0.81976
1.867, -0.13009, -0.35000, 0.33859, 0.40574, -0.81976
1.883, -0.13077, -0.35000, 0.33859, 0.40725, -0.81976
1.900, -0.13140, -0.35000, 0.33859, 0.40866, -0.81976
1.917, -0.13199, -0.35000, 0.33859, 0.40996, -0.81976
1.933, -0.13252, -0.35000, 0.33859, 0.41116, -0.81976
1.950, -0.13300, -0.35000, 0.33859, 0.41226, -0.81976
1.967, -0.13342, -0.35000, 0.33859, 0.41325, -0.81976
1.983, -0.13380, -0.35000, 0.33859, 0.41414, -0.81976
2.000, -0.13413, -0.35000, 0.33859, 0.41493, -0.81976
2.017, -0.13441, -0.35000, 0.33859, 0.41561, -0.81976
2.033, -0.13463, -0.35000, 0.33859, 0.41619, -0.81976
2.050, -0.13481, -0.35000, 0.33859, 0.41666, -0.81976
2.067, -0.13494, -0.35000, 0.33859, 0.41704, -0.81976
2.083, -0.13501, -0.35000, 0.33859, 0.41730, -0.81976
2.100, -0.13503, -0.35000, 0.33859, 0.41746, -0.81976
2.117, -0.13503, -0.35000, 0.33859, 0.41753, -0.81976
2.133, -0.13503, -0.35000, 0.33859, 0.41752, -0.81976
2.150, -0.13503, -0.35000, 0.33859, 0.41751, -0.81976
2.167, -0.13503, -0.35000, 0.33859, 0.41752, -0.81976
2.183, -0.13503, -0.35000, 0.33859, 0.41752, -0.81976
2.200, -0.13503, -0.35000, 0.33859, 0.41752, -0.81976
2.217, -0.13503, -0.35000, 0.33859, 0.41752, -0.81976
2.233, -0.13503, -0.35000, 0.33859, 0.41752, -0.81976
2.250, -0.13503, -0.35000, 0.33859, 0.41752, -0.81976
2.267, -0.13503, -0.35000, 0.33859, 0.41752, -0.81976
2.283, -0.13503, -0.35000, 0.33859, 0.41752, -0.81976
2.300, -0.13503, -0.35000, 0.33859, 0.41752, -0.81976
2.317, -0.13503, -0.35000, 0.33859, 0.41752, -0.81976
2.333, -0.13503, -0.35000, 0.33859, 0.41752, -0.81976
2.350, -0.13503, -0.35000, 0.33859, 0.41752, -0.81976
2.367, -0.13503, -0.35000, 0.33859, 0.41752, -0.81976
2.383, -0.13503, -0.35000, 0.33859, 0.41752, -0.81976
2.400, -0.13503, -0.35000, 0.33859, 0.41752, -0.81976
2.417, -0.13503, -0.35000, 0.33859, 0.41752, -0.81976
2.433, -0.13503, -0.35000, 0.33859, 0.41752, -0.81976
2.450, -0.13503, -0.35000, 0.33859, 0.41752, -0.81976
2.467, -0.13503, -0.35000, 0.33859, 0.41752, -0.81976
2.483, -0.13503, -0.35000, 0.33859, 0.41752, -0.81976
2.500, -0.13503, -0.35000, 0.33859, 0.41752, -0.81976
2.517, -0.13503, -0.35000, 0.33859, 0.41752, -0.81976
2.533, -0.13503, -0.35000, 0.33859, 0.41752, -0.81976
2.550, -0.13503, -0.35000, 0.33859, 0.41752, -0.81976
2.567, -0.13503, -0.35000, 0.33859, 0.41752, -0.81976
2.583, -0.13503, -0.35000, 0.33859, 0.41752, -0.81976
2.600, -0.13503, -0.35000, 0.33859, 0.41752, -0.81976
2.617, -0.13503, -0.35000, 0.33859, 0.41752, -0.81976
2.633, -0.13503, -0.35000, 0.33859, 0.41752, -0.81976
2.650, -0.13503, -0.35000, 0.33859, 0.41752, -0.81976
2.667, -0.13503, -0.35000, 0.33859, 0.41752, -0.81976
2.683, -0.13503, -0.35000, 0.33859, 0.41752, -0.81976
2.700, -0.13503, -0.35000, 0.33859, 0.41752, -0.81976
2.717, -0.13503, -0.35000, 0.33859, 0.41752, -0.81976
2.733, -0.13503, -0.35000, 0.33859, 0.41751, -0.81976
2.750, -0.13503, -0.35000, 0.33859, 0.41752, -0.81976
2.767, -0.13503, -0.35000, 0.33859, 0.41752, -0.81976
2.783, -0.13503, -0.35000, 0.33859, 0.41751, -0.81976
2.800, -0.13503, -0.35000, 0.33859, 0.41743, -0.81976
2.817, -0.13502, -0.35000, 0.33859, 0.41723, -0.81976
2.833, -0.13497, -0.35000, 0.33859, 0.41693, -0.81976
2.850, -0.13486, -0.35000, 0.33859, 0.41653, -0.81976
2.867, -0.13471, -0.35000, 0.33859, 0.41602, -0.81976
2.883, -0.13450, -0.35000, 0.33859, 0.41541, -0.81976
2.900, -0.13424, -0.35000, 0.33859, 0.41469, -0.81976
2.917, -0.13393, -0.35000, 0.33859, 0.41387, -0.81976
2.933, -0.13358, -0.35000, 0.33859, 0.41295, -0.81976
2.950, -0.13317, -0.35000, 0.33859, 0.41193, -0.81976
2.967, -0.13271, -0.35000, 0.33859, 0.41080, -0.81976
2.983, -0.13219, -0.35000, 0.33859, 0.40957, -0.81976
3.000, -0.13163, -0.35000, 0.33859, 0.40823, -0.81976
3.017, -0.13102, -0.35000, 0.33859, 0.40679, -0.81976
3.033, -0.13036, -0.35000, 0.33859, 0.40525, -0.81976
3.050, -0.12964, -0.35000, 0.33859, 0.40360, -0.81976
3.067, -0.12888, -0.35000, 0.33859, 0.40185, -0.81976
3.083, -0.12806, -0.35000, 0.33859, 0.40000, -0.81976
3.100, -0.12720, -0.35000, 0.33859, 0.39804, -0.81976
3.117, -0.12628, -0.35000, 0.33859, 0.39598, -0.81976
3.133, -0.12531, -0.35000, 0.33859, 0.39382, -0.81976
3.150, -0.12430, -0.35000, 0.33859, 0.39155, -0.81976
3.167, -0.12323, -0.35000, 0.33859, 0.38918, -0.81976
3.183, -0.12211, -0.35000, 0.33859, 0.38671, -0.81976
3.200, -0.12094, -0.35000, 0.33859, 0.38413, -0.81976
3.217, -0.11972, -0.35000, 0.33859, 0.38145, -0.81976
3.233, -0.11845, -0.35000, 0.33859, 0.37866, -0.81976
3.250, -0.11712, -0.35000, 0.33859, 0.37578, -0.81976
3.267, -0.11577, -0.35000, 0.33859, 0.37278, -0.81976
3.283, -0.11442, -0.35000, 0.33859, 0.36969, -0.81976
3.300, -0.11307, -0.35000, 0.33859, 0.36649, -0.81976
3.317, -0.11172, -0.35000, 0.33859, 0.36319, -0.81976
3.333, -0.11037, -0.35000, 0.33859, 0.35978, -0.81976
3.350, -0.10902, -0.35000, 0.33859, 0.35627, -0.81976
3.367, -0.10767, -0.35000, 0.33859, 0.35266, -0.81976
3.383, -0.10632, -0.35000, 0.33859, 0.34894, -0.81976
3.400, -0.10497, -0.35000, 0.33859, 0.34512, -0.81976
3.417, -0.10362, -0.35000, 0.33859, 0.34120, -0.81976
3.433, -0.10227, -0.35000, 0.33859, 0.33717, -0.81976
3.450, -0.10092, -0.35000, 0.33859, 0.33304, -0.81976
3.467, -0.09956, -0.35000, 0.33859, 0.32881, -0.81976
3.483, -0.09821, -0.35000, 0.33859, 0.32447, -0.81976
3.500, -0.09686, -0.35000, 0.33859, 0.32003, -0.81976
3.517, -0.09551, -0.35000, 0.33859, 0.31549, -0.81976
3.533, -0.09416, -0.35000, 0.33859, 0.31084, -0.81976
3.550, -0.09281, -0.35000, 0.33859, 0.30609, -0.81976
3.567, -0.09146, -0.35000, 0.33859, 0.30123, -0.81976
3.583, -0.09011, -0.35000, 0.33859, 0.29627, -0.81976
3.600, -0.08876, -0.35000, 0.33859, 0.29121, -0.81976
3.617, -0.08741, -0.35000, 0.33859, 0.28605, -0.81976
3.633, -0.08606, -0.35000, 0.33859, 0.28078, -0.81976
3.650, -0.08471, -0.35000, 0.33859, 0.27541, -0.81976
3.667, -0.08336, -0.35000, 0.33859, 0.26993, -0.81976
3.683, -0.08201, -0.35000, 0.33859, 0.26435, -0.81976
3.700, -0.08066, -0.35000, 0.33859, 0.25867, -0.81976
3.717, -0.07931, -0.35000, 0.33859, 0.25288, -0.81976
3.733, -0.07796, -0.35000, 0.33859, 0.24706, -0.81976
3.750, -0.07660, -0.35000, 0.33859, 0.24125, -0.81976
3.767, -0.07525, -0.35000, 0.33859, 0.23544, -0.81976
3.783, -0.07390, -0.35000, 0.33859, 0.22963, -0.81976
3.800, -0.07255, -0.35000, 0.33859, 0.22382, -0.81975
3.817, -0.07120, -0.35000, 0.33859, 0.21801, -0.81976
3.833, -0.06985, -0.35000, 0.33859, 0.21220, -0.81968
3.850, -0.06850, -0.35000, 0.33859, 0.20639, -0.81888
3.867, -0.06715, -0.35000, 0.33859, 0.20057, -0.81730
3.883, -0.06580, -0.35000, 0.33859, 0.19476, -0.81494
3.900, -0.06445, -0.35000, 0.33859, 0.18895, -0.81179
3.917, -0.06310, -0.35000, 0.33859, 0.18314, -0.80786
3.933, -0.06175, -0.35000, 0.33859, 0.17733, -0.80315
3.950, -0.06040, -0.35000, 0.33859, 0.17152, -0.79765
3.967, -0.05905, -0.35000, 0.33859, 0.16571, -0.79137
3.983, -0.05770, -0.35000, 0.33859, 0.15991, -0.78431
4.000, -0.05635, -0.35000, 0.33860, 0.15420, -0.77646
4.017, -0.05499, -0.35000, 0.33859, 0.14860, -0.76783
4.033, -0.05364, -0.35000, 0.33860, 0.14311, -0.75841
4.050, -0.05229, -0.35000, 0.33838, 0.13771, -0.74822
4.067, -0.05094, -0.34999, 0.33765, 0.13243, -0.73723
4.083, -0.04959, -0.34964, 0.33642, 0.12724, -0.72547
4.100, -0.04824, -0.34871, 0.33469, 0.12216, -0.71292
4.117, -0.04689, -0.34723, 0.33245, 0.11718, -0.69959
4.133, -0.04554, -0.34519, 0.32971, 0.11231, -0.68547
4.150, -0.04419, -0.34260, 0.32647, 0.10754, -0.67057
4.167, -0.04284, -0.33946, 0.32272, 0.10287, -0.65489
4.183, -0.04149, -0.33575, 0.31848, 0.09831, -0.63843
4.200, -0.04014, -0.33150, 0.31372, 0.09385, -0.62118
4.217, -0.03879, -0.32668, 0.30847, 0.08949, -0.60314
4.233, -0.03744, -0.32132, 0.30271, 0.08524, -0.58433
4.250, -0.03609, -0.31539, 0.29645, 0.08109, -0.56473
4.267, -0.03474, -0.30891, 0.28969, 0.07704, -0.54435
4.283, -0.03339, -0.30188, 0.28242, 0.07310, -0.52318
4.300, -0.03203, -0.29429, 0.27465, 0.06926, -0.50121
4.317, -0.03068, -0.28614, 0.26638, 0.06553, -0.47880
4.333, -0.02933, -0.27744, 0.25761, 0.06190, -0.45640
4.350, -0.02798, -0.26818, 0.24833, 0.05837, -0.43400
4.367, -0.02663, -0.25837, 0.23854, 0.05494, -0.41160
4.383, -0.02528, -0.24800, 0.22827, 0.05162, -0.38920
4.400, -0.02393, -0.23708, 0.21749, 0.04840, -0.36680
4.417, -0.02258, -0.22560, 0.20656, 0.04529, -0.34440
4.433, -0.02123, -0.21392, 0.19564, 0.04228, -0.32201
4.450, -0.01988, -0.20226, 0.18472, 0.03937, -0.29990
4.467, -0.01852, -0.19059, 0.17381, 0.03657, -0.27862
4.483, -0.01718, -0.17893, 0.16289, 0.03387, -0.25812
4.500, -0.01589, -0.16726, 0.15197, 0.03127, -0.23840
4.517, -0.01465, -0.15559, 0.14105, 0.02878, -0.21946
4.533, -0.01345, -0.14393, 0.13014, 0.02639, -0.20131
4.550, -0.01231, -0.13226, 0.11920, 0.02410, -0.18394
4.567, -0.01122, -0.12060, 0.10850, 0.02192, -0.16735
4.583, -0.01018, -0.10929, 0.09831, 0.01984, -0.15155
4.600, -0.00919, -0.09855, 0.08862, 0.01787, -0.13653
4.617, -0.00825, -0.08836, 0.07943, 0.01599, -0.12229
4.633, -0.00736, -0.07873, 0.07074, 0.01422, -0.10884
4.650, -0.00652, -0.06966, 0.06255, 0.01256, -0.09617
4.667, -0.00573, -0.06114, 0.05487, 0.01100, -0.08428
4.683, -0.00500, -0.05317, 0.04769, 0.00954, -0.07318
4.700, -0.00431, -0.04576, 0.04102, 0.00818, -0.06286
4.717, -0.00367, -0.03891, 0.03484, 0.00693, -0.05333
4.733, -0.00309, -0.03261, 0.02917, 0.00579, -0.04458
4.750, -0.00255, -0.02687, 0.02401, 0.00474, -0.03661
4.767, -0.00207, -0.02168, 0.01934, 0.00380, -0.02942
4.783, -0.00164, -0.01705, 0.01518, 0.00296, -0.02302
4.800, -0.00125, -0.01297, 0.01153, 0.00223, -0.01740
4.817, -0.00092, -0.00945, 0.00837, 0.00160, -0.01257
4.833, -0.00064, -0.00649, 0.00572, 0.00107, -0.00852
4.850, -0.00041, -0.00408, 0.00357, 0.00065, -0.00525
4.867, -0.00023, -0.00223, 0.00192, 0.00033, -0.00277
4.883, -0.00010, -0.00093, 0.00078, 0.00012, -0.00107
4.900, -0.00002, -0.00019, 0.00014, 0.00000, -0.00015
4.917, -0.00000, -0.00001, -0.00000, -0.00001, 0.00002
4.933, -0.00000, -0.00001, -0.00000, -0.00001, 0.00002
4.950, -0.00000, -0.00001, -0.00000, -0.00001, 0.00002
4.967, -0.00000, -0.00001, -0.00000, -0.00001, 0.00001
4.983, -0.00000, -0.00001, -0.00000, -0.00001, 0.00001
5.000, -0.00000, -0.00000, -0.00000, -0.00001, 0.00001
5.017, -0.00000, -0.00000, -0.00000, -0.00001, 0.00001
5.033, -0.00000, -0.00000, -0.00000, -0.00001, 0.00000
5.050, -0.00000, -0.00000, -0.00000, -0.00001, 0.00000
5.067, -0.00000, -0.00000, -0.00000, -0.00001, 0.00000
5.083, -0.00000, -0.00000, -0.00000, -0.00001, -0.00000
5.100, -0.00000, -0.00000, -0.00000, -0.00000, -0.00000
5.117, -0.00001, -0.00000, -0.00000, -0.00000, -0.00001
5.133, -0.00001, -0.00000, -0.00000, -0.00000, -0.00001
5.150, -0.00001, -0.00000, -0.00000, -0.00000, -0.00001
5.167, -0.00001, -0.00000, -0.00000, -0.00000, -0.00001
5.183, -0.00001, -0.00000, -0.00000, -0.00000, -0.00001
5.200, -0.00001, -0.00000, -0.00000, -0.00000, -0.00001
5.217, -0.00001, -0.00000, -0.00000, -0.00000, -0.00001
5.233, -0.00001, -0.00000, -0.00000, -0.00000, -0.00002
5.250, -0.00001, 0.00000, 0.00000, 0.00000, -0.00002
5.267, -0.00001, 0.00000, 0.00000, 0.00000, -0.00002
5.283, -0.00001, 0.00000, 0.00000, 0.00000, -0.00002
5.300, -0.00001, 0.00000, 0.00000, 0.00000, -0.00002
5.317, -0.00001, 0.00000, 0.00000, 0.00000, -0.00002
5.333, -0.00000, 0.00000, 0.00000, 0.00000, -0.00002
5.350, -0.00000, 0.00000, 0.00000, 0.00000, -0.00002
5.367, -0.00000, 0.00000, 0.00000, 0.00000, -0.00002
5.383, -0.00000, 0.00000, 0.00000, 0.00000, -0.00002
5.400, -0.00000, 0.00000, 0.00000, 0.00000, -0.00002
5.417, -0.00000, 0.00000, 0.00000, 0.00000, -0.00002
5.433, -0.00000, 0.00000, 0.00000, 0.00000, -0.00002
5.450, -0.00000, 0.00000, 0.00000, 0.00000, -0.00002
5.467, -0.00000, 0.00000, 0.00000, 0.00000, -0.00002
5.483, -0.00000, 0.00000, 0.00000, 0.00000, -0.00002
5.500, -0.00000, 0.00000, 0.00000, 0.00000, -0.00001
5.517, -0.00000, 0.00000, 0.00000, 0.00000, -0.00001
5.533, -0.00000, 0.00000, 0.00000, 0.00000, -0.00001
5.550, -0.00000, 0.00000, 0.00000, 0.00000, -0.00001
5.567, 0.00000, 0.00000, 0.00000, 0.00000, -0.00001
5.583, 0.00000, 0.00000, 0.00000, 0.00000, -0.00001
5.600, 0.00000, 0.00000, 0.00000, 0.00000, -0.00001
5.617, 0.00000, 0.00000, 0.00000, 0.00000, -0.00000
5.633, 0.00000, 0.00000, 0.00000, 0.00000, -0.00000
5.650, 0.00000, 0.00000, 0.00000, 0.00000, -0.00000
5.667, 0.00000, 0.00000, 0.00000, 0.00000, 0.00000
5.683, 0.00000, 0.00000, 0.00000, 0.00000, 0.00000
5.700, 0.00001, 0.00000, 0.00000, 0.00000, 0.00001
5.717, 0.00001, 0.00000, 0.00000, 0.00000, 0.00001
5.733, 0.00001, 0.00000, 0.00000, 0.00000, 0.00001
5.750, 0.00001, 0.00000, 0.00000, 0.00000, 0.00001
5.767, 0.00001, 0.00000, 0.00000, 0.00000, 0.00002
5.783, 0.00001, 0.00000, 0.00000, 0.00000, 0.00002
5.800, 0.00001, 0.00000, 0.00000, 0.00000, 0.00002
5.817, 0.00001, 0.00000, 0.00000, 0.00000, 0.00003
5.833, 0.00001, 0.00000, 0.00000, 0.00000, 0.00003
5.850, 0.00001, 0.00000, 0.00000, 0.00000, 0.00003
5.867, 0.00001, 0.00000, 0.00000, 0.00000, 0.00004
5.883, 0.00001, 0.00000, 0.00000, 0.00000, 0.00004
5.900, 0.00002, 0.00000, 0.00000, 0.00000, 0.00004
5.917, 0.00013, 0.00000, 0.00000, 0.00000, 0.00019
5.933, 0.00079, 0.00000, 0.00000, 0.00000, 0.00090
5.950, 0.00202, 0.00000, 0.00000, 0.00000, 0.00211
5.967, 0.00379, 0.00000, 0.00000, 0.00000, 0.00381
5.983, 0.00613, 0.00000, 0.00000, 0.00000, 0.00601
6.000, 0.00902, 0.00000, 0.00000, 0.00000, 0.00871
6.017, 0.01246, 0.00000, 0.00000, 0.00000, 0.01190
6.033, 0.01646, 0.00000, 0.00000, 0.00000, 0.01559
6.050, 0.02102, 0.00000, 0.00000, 0.00000, 0.01978
6.067, 0.02613, 0.00000, 0.00000, 0.00000, 0.02446
6.083, 0.03179, 0.00000, 0.00000, 0.00000, 0.02964
6.100, 0.03802, 0.00000, 0.00000, 0.00000, 0.03531
6.117, 0.04467, 0.00000, 0.00000, 0.00000, 0.04148
6.133, 0.05133, 0.00000, 0.00000, 0.00000, 0.04815
6.150, 0.05800, 0.00000, 0.00000, 0.00000, 0.05531
6.167, 0.06467, 0.00000, 0.00000, 0.00000, 0.06297
6.183, 0.07133, 0.00000, 0.00000, 0.00000, 0.07112
6.200, 0.07800, 0.00000, 0.00000, 0.00000, 0.07977
6.217, 0.08467, 0.00000, 0.00000, 0.00000, 0.08892
6.233, 0.09133, 0.00000, 0.00000, 0.00000, 0.09857
6.250, 0.09800, 0.00000, 0.00000, 0.00000, 0.10871
6.267, 0.10467, 0.00000, 0.00000, 0.00000, 0.11934
6.283, 0.11133, 0.00000, 0.00000, 0.00000, 0.13048
6.300, 0.11800, 0.00000, 0.00000, 0.00000, 0.14210
6.317, 0.12467, 0.00000, 0.00000, 0.00000, 0.15423
6.333, 0.13133, 0.00000, 0.00000, 0.00000, 0.16685
6.350, 0.13800, 0.00000, 0.00000, 0.00000, 0.17997
6.367, 0.14467, 0.00000, 0.00000, 0.00000, 0.19358
6.383, 0.15133, 0.00000, 0.00000, 0.00000, 0.20769
6.400, 0.15800, 0.00000, 0.00000, 0.00000, 0.22230
6.417, 0.16467, 0.00000, 0.00000, 0.00000, 0.23740
6.433, 0.17133, 0.00000, 0.00000, 0.00000, 0.25300
6.450, 0.17800, 0.00000, 0.00000, 0.00000, 0.26910
6.467, 0.18467, 0.00000, 0.00000, 0.00000, 0.28561
6.483, 0.19133, 0.00000, 0.00000, 0.00000, 0.30214
6.500, 0.19800, 0.00000, 0.00000, 0.00000, 0.31866
6.517, 0.20467, 0.00000, 0.00000, 0.00000, 0.33518
6.533, 0.21133, 0.00000, 0.00000, 0.00000, 0.35170
6.550, 0.21800, 0.00000, 0.00000, 0.00000, 0.36822
6.567, 0.22467, 0.00000, 0.00000, 0.00000, 0.38474
6.583, 0.23133, 0.00000, 0.00000, 0.00000, 0.40126
6.600, 0.23800, 0.00000, 0.00000, 0.00000, 0.41780
6.617, 0.24467, 0.00000, 0.00000, 0.00000, 0.43428
6.633, 0.25133, 0.00000, 0.00000, 0.00000, 0.45043
6.650, 0.25800, 0.00000, 0.00000, 0.00000, 0.46604
6.667, 0.26454, 0.00000, 0.00000, 0.00000, 0.48116
6.683, 0.27054, 0.00000, 0.00000, 0.00000, 0.49579
6.700, 0.27598, 0.00000, 0.00000, 0.00000, 0.50992
6.717, 0.28087, 0.00000, 0.00000, 0.00000, 0.52355
6.733, 0.28521, 0.00000, 0.00000, 0.00000, 0.53668
6.750, 0.28898, 0.00000, 0.00000, 0.00000, 0.54933
6.767, 0.29221, 0.00000, 0.00000, 0.00000, 0.56147
6.783, 0.29487, 0.00000, 0.00000, 0.00000, 0.57312
6.800, 0.29698, 0.00000, 0.00000, 0.00000, 0.58427
6.817, 0.29854, 0.00000, 0.00000, 0.00000, 0.59492
6.833, 0.29954, 0.00000, 0.00000, 0.00000, 0.60508
6.850, 0.29997, 0.00000, 0.00000, 0.00000, 0.61475
6.867, 0.30001, 0.00000, 0.00000, 0.00000, 0.62391
6.883, 0.30000, 0.00000, 0.00000, 0.00000, 0.63258
6.900, 0.30000, 0.00000, 0.00000, 0.00000, 0.64076
6.917, 0.30000, 0.00000, 0.00000, 0.00000, 0.64843
6.933, 0.30000, 0.00000, 0.00000, 0.00000, 0.65562
6.950, 0.30000, 0.00000, 0.00000, 0.00000, 0.66230
6.967, 0.30000, 0.00000, 0.00000, 0.00000, 0.66849
6.983, 0.30000, 0.00000, 0.00000, 0.00000, 0.67418
7.000, 0.30000, 0.00000, 0.00000, 0.00000, 0.67938
7.017, 0.30000, 0.00000, 0.00000, 0.00000, 0.68408
7.033, 0.30000, 0.00000, 0.00000, 0.00000, 0.68828
7.050, 0.30000, 0.00000, 0.00000, 0.00000, 0.69199
7.067, 0.30000, 0.00000, 0.00000, 0.00000, 0.69520
7.083, 0.30000, 0.00000, 0.00000, 0.00000, 0.69792
7.100, 0.30000, 0.00000, 0.00000, 0.00000, 0.70013
7.117, 0.30000, 0.00000, 0.00000, 0.00000, 0.70186
7.133, 0.30000, 0.00000, 0.00000, 0.00000, 0.70308
7.150, 0.30000, 0.00000, 0.00000, 0.00000, 0.70381
7.167, 0.30000, 0.00000, 0.00000, 0.00000, 0.70405
7.183, 0.30000, 0.00000, 0.00000, 0.00000, 0.70401
7.200, 0.30000, 0.00000, 0.00000, 0.00000, 0.70403
7.217, 0.30000, 0.00000, 0.00000, 0.00000, 0.70402
7.233, 0.30000, 0.00000, 0.00000, 0.00000, 0.70402
7.250, 0.30000, 0.00000, 0.00000, 0.00000, 0.70402
7.267, 0.30000, 0.00000, 0.00000, 0.00000, 0.70402
7.283, 0.30000, 0.00000, 0.00000, 0.00000, 0.70402
7.300, 0.30000, 0.00000, 0.00000, 0.00000, 0.70402
7.317, 0.30000, 0.00000, 0.00000, 0.00000, 0.70402
7.333, 0.30000, 0.00000, 0.00000, 0.00000, 0.70402
7.350, 0.30000, 0.00000, 0.00000, 0.00000, 0.70402
7.367, 0.30000, 0.00000, 0.00000, 0.00000, 0.70402
7.383, 0.30000, 0.00000, 0.00000, 0.00000, 0.70402
7.400, 0.30000, 0.00000, 0.00000, 0.00000, 0.70402
7.417, 0.30000, 0.00000, 0.00000, 0.00000, 0.70402
7.433, 0.30000, 0.00000, 0.00000, 0.00000, 0.70402
7.450, 0.30000, 0.00000, 0.00000, 0.00000, 0.70402
7.467, 0.30000, 0.00000, 0.00000, 0.00000, 0.70402
7.483, 0.30000, 0.00000, 0.00000, 0.00000, 0.70402
7.500, 0.30000, 0.00000, 0.00000, 0.00000, 0.70402
7.517, 0.30000, 0.00000, 0.00000, 0.00000, 0.70402
7.533, 0.30000, 0.00000, 0.00000, 0.00000, 0.70402
7.550, 0.30000, 0.00000, 0.00000, 0.00000, 0.70402
7.567, 0.30000, 0.00000, 0.00000, 0.00000, 0.70402
7.583, 0.30000, 0.00000, 0.00000, 0.00000, 0.70402
7.600, 0.30000, 0.00000, 0.00000, 0.00000, 0.70402
7.617, 0.30000, 0.00000, 0.00000, 0.00000, 0.70402
7.633, 0.30000, 0.00000, 0.00000, 0.00000, 0.70402
7.650, 0.30000, 0.00000, 0.00000, 0.00000, 0.70402
7.667, 0.30000, 0.00000, 0.00000, 0.00000, 0.70402
7.683, 0.30000, 0.00000, 0.00000, 0.00000, 0.70402
7.700, 0.30000, 0.00000, 0.00000, 0.00000, 0.70402
7.717, 0.30000, 0.00000, 0.00000, 0.00000, 0.70402
7.733, 0.30000, 0.00000, 0.00000, 0.00000, 0.70402
7.750, 0.30000, 0.00000, 0.00000, 0.00000, 0.70402
7.767, 0.30000, 0.00000, 0.00000, 0.00000, 0.70402
7.783, 0.30000, 0.00000, 0.00000, 0.00000, 0.70402
7.800, 0.30000, 0.00000, 0.00000, 0.00000, 0.70402
7.817, 0.30000, 0.00000, 0.00000, 0.00000, 0.70402
7.833, 0.30000, 0.00000, 0.00000, 0.00000, 0.70402
7.850, 0.30000, 0.00000, 0.00000, 0.00000, 0.70402
7.867, 0.30000, 0.00000, 0.00000, 0.00000, 0.70402
7.883, 0.30000, 0.00000, 0.00000, 0.00000, 0.70402
7.900, 0.30000, 0.00000, 0.00000, 0.00000, 0.70402
7.917, 0.30000, 0.00000, 0.00000, 0.00000, 0.70402
7.933, 0.30000, 0.00000, 0.00000, 0.00000, 0.70402
7.950, 0.30000, 0.00000, 0.00000, 0.00000, 0.70402
7.967, 0.30000, 0.00000, 0.00000, 0.00000, 0.70402
7.983, 0.30000, 0.00000, 0.00000, 0.00000, 0.70402
8.000, 0.30000, 0.00000, 0.00000, 0.00000, 0.70402
8.017, 0.30000, 0.00000, 0.00000, 0.00000, 0.70402
8.033, 0.30000, 0.00000, 0.00000, 0.00000, 0.70402
8.050, 0.30000, 0.00000, 0.00000, 0.00000, 0.70402
8.067, 0.30000, 0.00000, 0.00000, 0.00000, 0.70402
8.083, 0.30000, 0.00000, 0.00000, 0.00000, 0.70402
8.100, 0.30000, 0.00000, 0.00000, 0.00000, 0.70402
8.117, 0.30000, 0.00000, 0.00000, 0.00000, 0.70402
8.133, 0.30000, 0.00000, 0.00000, 0.00000, 0.70405
8.150, 0.30000, 0.00000, 0.00000, 0.00000, 0.70377
8.167, 0.30000, 0.00000, 0.00000, 0.00000, 0.70299
8.183, 0.30000, 0.00000, 0.00000, 0.00000, 0.70172
8.200, 0.30000, 0.00000, 0.00000, 0.00000, 0.69995
8.217, 0.30000, 0.00000, 0.00000, 0.00000, 0.69769
8.233, 0.30000, 0.00000, 0.00000, 0.00000, 0.69493
8.250, 0.30000, 0.00000, 0.00000, 0.00000, 0.69167
8.267, 0.30000, 0.00000, 0.00000, 0.00000, 0.68791
8.283, 0.30000, 0.00000, 0.00000, 0.00000, 0.68367
8.300, 0.30000, 0.00000, 0.00000, 0.00000, 0.67892
8.317, 0.30000, 0.00000, 0.00000, 0.00000, 0.67368
8.333, 0.30000, 0.00000, 0.00000, 0.00000, 0.66794
8.350, 0.30000, 0.00000, 0.00000, 0.00000, 0.66170
8.367, 0.30000, 0.00000, 0.00000, 0.00000, 0.65497
8.383, 0.30000, 0.00000, 0.00000, 0.00000, 0.64775
8.400, 0.30000, 0.00000, 0.00000, 0.00000, 0.64002
8.417, 0.29999, 0.00000, 0.00000, 0.00000, 0.63180
8.433, 0.30002, 0.00000, 0.00000, 0.00000, 0.62309
8.450, 0.29993, 0.00000, 0.00000, 0.00000, 0.61387
8.467, 0.29939, 0.00000, 0.00000, 0.00000, 0.60417
8.483, 0.29828, 0.00000, 0.00000, 0.00000, 0.59396
8.500, 0.29661, 0.00000, 0.00000, 0.00000, 0.58326
8.517, 0.29439, 0.00000, 0.00000, 0.00000, 0.57206
8.533, 0.29162, 0.00000, 0.00000, 0.00000, 0.56037
8.550, 0.28829, 0.00000, 0.00000, 0.00000, 0.54818
8.567, 0.28440, 0.00000, 0.00000, 0.00000, 0.53549
8.583, 0.27996, 0.00000, 0.00000, 0.00000, 0.52231
8.600, 0.27496, 0.00000, 0.00000, 0.00000, 0.50863
8.617, 0.26941, 0.00000, 0.00000, 0.00000, 0.49445
8.633, 0.26329, 0.00000, 0.00000, 0.00000, 0.47978
8.650, 0.25670, 0.00000, 0.00000, 0.00000, 0.46461
8.667, 0.25003, 0.00000, 0.00000, 0.00000, 0.44896
8.683, 0.24336, 0.00000, 0.00000, 0.00000, 0.43276
8.700, 0.23669, 0.00000, 0.00000, 0.00000, 0.41627
8.717, 0.23003, 0.00000, 0.00000, 0.00000, 0.39973
8.733, 0.22336, 0.00000, 0.00000, 0.00000, 0.38322
8.750, 0.21669, 0.00000, 0.00000, 0.00000, 0.36669
8.767, 0.21003, 0.00000, 0.00000, 0.00000, 0.35017
8.783, 0.20336, 0.00000, 0.00000, 0.00000, 0.33365
8.800, 0.19669, 0.00000, 0.00000, 0.00000, 0.31713
8.817, 0.19003, 0.00000, 0.00000, 0.00000, 0.30061
8.833, 0.18336, 0.00000, 0.00000, 0.00000, 0.28408
8.850, 0.17669, 0.00000, 0.00000, 0.00000, 0.26759
8.867, 0.17003, 0.00000, 0.00000, 0.00000, 0.25154
8.883, 0.16336, 0.00000, 0.00000, 0.00000, 0.23599
8.900, 0.15669, 0.00000, 0.00000, 0.00000, 0.22093
8.917, 0.15003, 0.00000, 0.00000, 0.00000, 0.20637
8.933, 0.14336, 0.00000, 0.00000, 0.00000, 0.19230
8.950, 0.13669, 0.00000, 0.00000, 0.00000, 0.17874
8.967, 0.13003, 0.00000, 0.00000, 0.00000, 0.16566
8.983, 0.12336, 0.00000, 0.00000, 0.00000, 0.15309
9.000, 0.11669, 0.00000, 0.00000, 0.00000, 0.14101
9.017, 0.11003, 0.00000, 0.00000, 0.00000, 0.12943
9.033, 0.10336, 0.00000, 0.00000, 0.00000, 0.11834
9.050, 0.09669, 0.00000, 0.00000, 0.00000, 0.10775
9.067, 0.09003, 0.00000, 0.00000, 0.00000, 0.09765
9.083, 0.08336, 0.00000, 0.00000, 0.00000, 0.08805
9.100, 0.07669, 0.00000, 0.00000, 0.00000, 0.07895
9.117, 0.07003, 0.00000, 0.00000, 0.00000, 0.07035
9.133, 0.06336, 0.00000, 0.00000, 0.00000, 0.06224
9.150, 0.05669, 0.00000, 0.00000, 0.00000, 0.05462
9.167, 0.05003, 0.00000, 0.00000, 0.00000, 0.04751
9.183, 0.04335, 0.00000, 0.00000, 0.00000, 0.04089
9.200, 0.03676, 0.00000, 0.00000, 0.00000, 0.03476
9.217, 0.03064, 0.00000, 0.00000, 0.00000, 0.02914
9.233, 0.02508, 0.00000, 0.00000, 0.00000, 0.02400
9.250, 0.02008, 0.00000, 0.00000, 0.00000, 0.01937
9.267, 0.01563, 0.00000, 0.00000, 0.00000, 0.01523
9.283, 0.01174, 0.00000, 0.00000, 0.00000, 0.01159
9.300, 0.00841, 0.00000, 0.00000, 0.00000, 0.00844
9.317, 0.00563, 0.00000, 0.00000, 0.00000, 0.00579
9.333, 0.00340, 0.00000, 0.00000, 0.00000, 0.00364
9.350, 0.00173, 0.00000, 0.00000, 0.00000, 0.00198
9.367, 0.00062, 0.00000, 0.00000, 0.00000, 0.00082
9.383, 0.00006, 0.00000, 0.00000, 0.00000, 0.00015
9.400, -0.00001, 0.00000, 0.00000, -0.00000, 0.00002
9.417, -0.00000, 0.00000, 0.00000, -0.00000, 0.00002
9.433, -0.00000, 0.00000, 0.00000, -0.00000, 0.00002
9.450, -0.00000, 0.00000, 0.00000, -0.00000, 0.00001
9.467, -0.00000, 0.00000, 0.00000, -0.00001, 0.00001
9.483, -0.00000, 0.00000, 0.00000, -0.00001, 0.00001
9.500, -0.00000, 0.00000, 0.00000, -0.00001, 0.00000
9.517, -0.00000, 0.00000, 0.00000, -0.00001, 0.00000
9.533, -0.00000, 0.00000, 0.00000, -0.00001, -0.00000
9.550, -0.00000, 0.00000, 0.00000, -0.00001, -0.00000
9.567, -0.00000, 0.00000, 0.00000, -0.00001, -0.00000
9.583, -0.00000, 0.00000, 0.00000, -0.00001, -0.00001
9.600, -0.00000, 0.00000, 0.00000, -0.00001, -0.00001
9.617, -0.00000, 0.00000, 0.00000, -0.00001, -0.00001
9.633, -0.00000, 0.00000, 0.00001, -0.00001, -0.00001
9.650, -0.00000, 0.00000, 0.00001, -0.00001, -0.00001
9.667, -0.00000, 0.00000, 0.00001, -0.00001, -0.00002
9.683, -0.00000, 0.00000, 0.00001, -0.00001, -0.00002
9.700, -0.00000, 0.00000, 0.00001, -0.00002, -0.00002
9.717, -0.00000, 0.00000, 0.00001, -0.00002, -0.00002
9.733, 0.00000, 0.00000, 0.00001, -0.00002, -0.00002
9.750, 0.00000, 0.00000, 0.00001, -0.00001, -0.00002
9.767, 0.00000, 0.00000, 0.00001, -0.00001, -0.00002
9.783, 0.00000, 0.00000, 0.00001, -0.00001, -0.00002
9.800, 0.00000, 0.00000, 0.00001, -0.00001, -0.00002
9.817, 0.00000, 0.00000, 0.00001, -0.00001, -0.00002
9.833, 0.00000, 0.00000, 0.00000, -0.00001, -0.00002
9.850, 0.00000, 0.00000, 0.00000, -0.00001, -0.00002
9.867, 0.00000, 0.00000, 0.00000, -0.00001, -0.00002
9.883, 0.00000, 0.00000, 0.00000, -0.00001, -0.00002
9.900, 0.00000, 0.00000, 0.00000, -0.00001, -0.00002
9.917, 0.00000, 0.00000, 0.00000, -0.00001, -0.00002
9.933, 0.00000, 0.00000, 0.00000, -0.00001, -0.00002
9.950, 0.00000, 0.00000, 0.00000, -0.00001, -0.00002
9.967, 0.00000, 0.00000, 0.00000, -0.00001, -0.00002
9.983, 0.00000, 0.00000, 0.00000, -0.00001, -0.00002
10.000, 0.00000, 0.00000, 0.00000, -0.00000, -0.00001
10.017, 0.00000, 0.00000, 0.00000, -0.00000, -0.00001
10.033, 0.00000, 0.00000, 0.00000, -0.00000, -0.00001
10.050, 0.00000, 0.00000, 0.00000, -0.00000, -0.00001
10.067, 0.00000, -0.00000, -0.00000, 0.00000, -0.00001
10.083, 0.00000, -0.00000, -0.00000, 0.00000, -0.00001
10.100, 0.00000, -0.00000, -0.00000, 0.00000, -0.00000
10.117, 0.00000, -0.00000, -0.00000, 0.00001, -0.00000
10.133, 0.00000, -0.00000, -0.00000, 0.00001, 0.00000
10.150, 0.00000, -0.00000, -0.00000, 0.00001, 0.00000
10.167, 0.00000, -0.00000, -0.00000, 0.00001, 0.00001
10.183, 0.00000, -0.00000, -0.00001, 0.00001, 0.00001
10.200, 0.00000, -0.00000, -0.00001, 0.00002, 0.00001
10.217, 0.00000, -0.00000, -0.00001, 0.00002, 0.00002
10.233, 0.00000, -0.00000, -0.00001, 0.00002, 0.00002
10.250, 0.00000, -0.00001, -0.00001, 0.00002, 0.00002
10.267, 0.00000, -0.00001, -0.00001, 0.00002, 0.00003
10.283, 0.00000, -0.00001, -0.00001, 0.00003, 0.00003
10.300, 0.00000, -0.00001, -0.00001, 0.00003, 0.00003
10.317, 0.00000, -0.00001, -0.00001, 0.00003, 0.00004
10.333, 0.00000, -0.00001, -0.00001, 0.00004, 0.00004
10.350, 0.00000, -0.00001, -0.00001, 0.00004, 0.00005
10.367, 0.00000, -0.00001, -0.00002, 0.00004, 0.00005
10.383, 0.00000, -0.00001, -0.00002, 0.00004, 0.00005
10.400, 0.00000, -0.00008, -0.00022, 0.00027, 0.00043
10.417, 0.00000, -0.00032, -0.00099, 0.00101, 0.00172
10.433, 0.00000, -0.00071, -0.00233, 0.00218, 0.00384
10.450, 0.00000, -0.00124, -0.00422, 0.00381, 0.00679
10.467, 0.00000, -0.00194, -0.00666, 0.00587, 0.01057
10.483, 0.00000, -0.00278, -0.00966, 0.00838, 0.01518
10.500, 0.00000, -0.00377, -0.01322, 0.01133, 0.02063
10.517, 0.00000, -0.00492, -0.01733, 0.01473, 0.02690
10.533, 0.00000, -0.00622, -0.02199, 0.01857, 0.03401
10.550, 0.00000, -0.00766, -0.02722, 0.02286, 0.04195
10.567, 0.00000, -0.00926, -0.03299, 0.02758, 0.05072
10.583, 0.00000, -0.01102, -0.03933, 0.03276, 0.06032
10.600, 0.00000, -0.01292, -0.04622, 0.03837, 0.07076
10.617, 0.00000, -0.01497, -0.05366, 0.04443, 0.08202
10.633, 0.00000, -0.01718, -0.06166, 0.05094, 0.09412
10.650, 0.00000, -0.01954, -0.07022, 0.05789, 0.10705
10.667, 0.00000, -0.02205, -0.07933, 0.06528, 0.12081
10.683, 0.00000, -0.02471, -0.08899, 0.07312, 0.13540
10.700, 0.00000, -0.02752, -0.09922, 0.08140, 0.15082
10.717, 0.00000, -0.03048, -0.10999, 0.09012, 0.16708
10.733, 0.00000, -0.03360, -0.12134, 0.09929, 0.18417
10.750, 0.00000, -0.03686, -0.13300, 0.10890, 0.20208
10.767, 0.00000, -0.04028, -0.14467, 0.11895, 0.22083
10.783, 0.00000, -0.04385, -0.15633, 0.12945, 0.24041
10.800, 0.00000, -0.04757, -0.16800, 0.14040, 0.26082
10.817, 0.00000, -0.05145, -0.17967, 0.15178, 0.28207
10.833, 0.00000, -0.05547, -0.19133, 0.16362, 0.30414
10.850, 0.00000, -0.05964, -0.20300, 0.17589, 0.32704
10.867, 0.00000, -0.06397, -0.21467, 0.18861, 0.35039
10.883, 0.00000, -0.06845, -0.22634, 0.20177, 0.37369
10.900, 0.00000, -0.07308, -0.23778, 0.21538, 0.39700
10.917, 0.00000, -0.07787, -0.24867, 0.22943, 0.42030
10.933, 0.00000, -0.08276, -0.25901, 0.24393, 0.44361
10.950, 0.00000, -0.08767, -0.26878, 0.25887, 0.46692
10.967, 0.00000, -0.09258, -0.27801, 0.27418, 0.49022
10.983, 0.00000, -0.09748, -0.28667, 0.28953, 0.51352
11.000, 0.00000, -0.10239, -0.29478, 0.30486, 0.53630
11.017, 0.00000, -0.10729, -0.30234, 0.32020, 0.55821
11.033, 0.00000, -0.11220, -0.30934, 0.33554, 0.57930
11.050, 0.00000, -0.11711, -0.31578, 0.35088, 0.59955
11.067, 0.00000, -0.12201, -0.32167, 0.36622, 0.61897
11.083, 0.00000, -0.12692, -0.32701, 0.38155, 0.63756
11.100, 0.00000, -0.13182, -0.33178, 0.39689, 0.65532
11.117, 0.00000, -0.13673, -0.33601, 0.41224, 0.67225
11.133, 0.00000, -0.14164, -0.33967, 0.42739, 0.68835
11.150, 0.00000, -0.14655, -0.34278, 0.44211, 0.70361
11.167, 0.00000, -0.15140, -0.34534, 0.45636, 0.71805
11.183, 0.00000, -0.15611, -0.34734, 0.47018, 0.73165
11.200, 0.00000, -0.16067, -0.34878, 0.48355, 0.74442
11.217, 0.00000, -0.16508, -0.34968, 0.49648, 0.75636
11.233, 0.00000, -0.16933, -0.35000, 0.50897, 0.76747
11.250, 0.00000, -0.17344, -0.35000, 0.52101, 0.77774
11.267, 0.00000, -0.17739, -0.35000, 0.53260, 0.78719
11.283, 0.00000, -0.18119, -0.35000, 0.54376, 0.79580
11.300, 0.00000, -0.18484, -0.35000, 0.55447, 0.80358
11.317, 0.00000, -0.18833, -0.35000, 0.56473, 0.81053
11.333, 0.00000, -0.19168, -0.35000, 0.57455, 0.81665
11.350, 0.00000, -0.19487, -0.35000, 0.58393, 0.82194
11.367, 0.00000, -0.19791, -0.35000, 0.59286, 0.82639
11.383, 0.00000, -0.20081, -0.35000, 0.60135, 0.83002
11.400, 0.00000, -0.20355, -0.35000, 0.60940, 0.83281
11.417, 0.00000, -0.20613, -0.35000, 0.61700, 0.83477
11.433, 0.00000, -0.20857, -0.35000, 0.62416, 0.83590
11.450, 0.00000, -0.21086, -0.35000, 0.63087, 0.83621
11.467, 0.00000, -0.21299, -0.35000, 0.63714, 0.83617
11.483, 0.00000, -0.21497, -0.35000, 0.64297, 0.83618
11.500, 0.00000, -0.21680, -0.35000, 0.64835, 0.83618
11.517, 0.00000, -0.21848, -0.35000, 0.65329, 0.83618
11.533, 0.00000, -0.22001, -0.35000, 0.65779, 0.83618
11.550, 0.00000, -0.22139, -0.35000, 0.66184, 0.83618
11.567, 0.00000, -0.22261, -0.35000, 0.66544, 0.83618
11.583, 0.00000, -0.22368, -0.35000, 0.66861, 0.83618
11.600, 0.00000, -0.22461, -0.35000, 0.67133, 0.83618
11.617, 0.00000, -0.22538, -0.35000, 0.67360, 0.83618
11.633, 0.00000, -0.22599, -0.35000, 0.67543, 0.83618
11.650, 0.00000, -0.22646, -0.35000, 0.67682, 0.83618
11.667, 0.00000, -0.22678, -0.35000, 0.67777, 0.83618
11.683, 0.00000, -0.22694, -0.35000, 0.67826, 0.83618
11.700, 0.00000, -0.22697, -0.35000, 0.67835, 0.83618
11.717, 0.00000, -0.22696, -0.35000, 0.67832, 0.83618
11.733, 0.00000, -0.22696, -0.35000, 0.67833, 0.83618
11.750, 0.00000, -0.22696, -0.35000, 0.67833, 0.83618
11.767, 0.00000, -0.22696, -0.35000, 0.67833, 0.83618
11.783, 0.00000, -0.22696, -0.35000, 0.67833, 0.83618
11.800, 0.00000, -0.22696, -0.35000, 0.67833, 0.83618
11.817, 0.00000, -0.22696, -0.35000, 0.67833, 0.83618
11.833, 0.00000, -0.22696, -0.35000, 0.67833, 0.83618
11.850, 0.00000, -0.22696, -0.35000, 0.67833, 0.83618
11.867, 0.00000, -0.22696, -0.35000, 0.67833, 0.83618
11.883, 0.00000, -0.22696, -0.35000, 0.67833, 0.83618
11.900, 0.00000, -0.22696, -0.35000, 0.67833, 0.83618
11.917, 0.00000, -0.22696, -0.35000, 0.67833, 0.83618
11.933, 0.00000, -0.22696, -0.35000, 0.67833, 0.83618
11.950, 0.00000, -0.22696, -0.35000, 0.67833, 0.83618
11.967, 0.00000, -0.22696, -0.35000, 0.67833, 0.83618
11.983, 0.00000, -0.22696, -0.35000, 0.67833, 0.83618
12.000, 0.00000, -0.22696, -0.35000, 0.67834, 0.83618
12.017, 0.00000, -0.22696, -0.35000, 0.67822, 0.83618
12.033, 0.00000, -0.22688, -0.35000, 0.67771, 0.83618
12.050, 0.00000, -0.22664, -0.35000, 0.67671, 0.83618
12.067, 0.00000, -0.22625, -0.35000, 0.67529, 0.83618
12.083, 0.00000, -0.22571, -0.35000, 0.67342, 0.83618
12.100, 0.00000, -0.22501, -0.35000, 0.67111, 0.83618
12.117, 0.00000, -0.22417, -0.35000, 0.66835, 0.83618
12.133, 0.00000, -0.22317, -0.35000, 0.66515, 0.83618
12.150, 0.00000, -0.22202, -0.35000, 0.66150, 0.83618
12.167, 0.00000, -0.22072, -0.35000, 0.65741, 0.83618
12.183, 0.00000, -0.21927, -0.35000, 0.65288, 0.83618
12.200, 0.00000, -0.21766, -0.35000, 0.64790, 0.83618
12.217, 0.00000, -0.21591, -0.35000, 0.64248, 0.83618
12.233, 0.00000, -0.21400, -0.35000, 0.63661, 0.83618
12.250, 0.00000, -0.21195, -0.35000, 0.63030, 0.83617
12.267, 0.00000, -0.20974, -0.35000, 0.62355, 0.83616
12.283, 0.00000, -0.20738, -0.35000, 0.61635, 0.83546
12.300, 0.00000, -0.20486, -0.35000, 0.60871, 0.83394
12.317, 0.00000, -0.20220, -0.35000, 0.60063, 0.83158
12.333, 0.00000, -0.19939, -0.35000, 0.59210, 0.82839
12.350, 0.00000, -0.19642, -0.35000, 0.58313, 0.82437
12.367, 0.00000, -0.19330, -0.35000, 0.57371, 0.81952
12.383, 0.00000, -0.19003, -0.35000, 0.56385, 0.81383
12.400, 0.00000, -0.18661, -0.35000, 0.55354, 0.80732
12.417, 0.00000, -0.18304, -0.35000, 0.54280, 0.79997
12.433, 0.00000, -0.17931, -0.35000, 0.53160, 0.79179
12.450, 0.00000, -0.17544, -0.35000, 0.51997, 0.78278
12.467, 0.00000, -0.17141, -0.35001, 0.50789, 0.77294
12.483, 0.00000, -0.16723, -0.34990, 0.49536, 0.76227
12.500, 0.00000, -0.16290, -0.34931, 0.48240, 0.75077
12.517, 0.00000, -0.15842, -0.34814, 0.46898, 0.73843
12.533, 0.00000, -0.15379, -0.34643, 0.45513, 0.72526
12.550, 0.00000, -0.14900, -0.34415, 0.44083, 0.71126
12.567, 0.00000, -0.14410, -0.34133, 0.42609, 0.69643
12.583, 0.00000, -0.13919, -0.33794, 0.41091, 0.68077
12.600, 0.00000, -0.13429, -0.33400, 0.39553, 0.66428
12.617, 0.00000, -0.12938, -0.32951, 0.38021, 0.64695
12.633, 0.00000, -0.12448, -0.32446, 0.36487, 0.62880
12.650, 0.00000, -0.11957, -0.31885, 0.34953, 0.60981
12.667, 0.00000, -0.11466, -0.31269, 0.33419, 0.58999
12.683, 0.00000, -0.10976, -0.30597, 0.31886, 0.56934
12.700, 0.00000, -0.10485, -0.29870, 0.30352, 0.54786
12.717, 0.00000, -0.09995, -0.29087, 0.28818, 0.52554
12.733, 0.00000, -0.09504, -0.28249, 0.27283, 0.50243
12.750, 0.00000, -0.09013, -0.27355, 0.25756, 0.47910
12.767, 0.00000, -0.08523, -0.26405, 0.24263, 0.45580
12.783, 0.00000, -0.08032, -0.25400, 0.22818, 0.43249
12.800, 0.00000, -0.07546, -0.24340, 0.21417, 0.40918
12.817, 0.00000, -0.07076, -0.23223, 0.20060, 0.38588
12.833, 0.00000, -0.06620, -0.22061, 0.18748, 0.36257
12.850, 0.00000, -0.06180, -0.20894, 0.17480, 0.33927
12.867, 0.00000, -0.05755, -0.19727, 0.16256, 0.31602
12.883, 0.00000, -0.05345, -0.18561, 0.15077, 0.29351
12.900, 0.00000, -0.04950, -0.17394, 0.13942, 0.27183
12.917, 0.00000, -0.04570, -0.16227, 0.12852, 0.25098
12.933, 0.00000, -0.04206, -0.15061, 0.11805, 0.23097
12.950, 0.00000, -0.03856, -0.13894, 0.10804, 0.21178
12.967, 0.00000, -0.03522, -0.12727, 0.09847, 0.19343
12.983, 0.00000, -0.03203, -0.11569, 0.08934, 0.17591
13.000, 0.00000, -0.02899, -0.10464, 0.08065, 0.15922
13.017, 0.00000, -0.02610, -0.09413, 0.07241, 0.14336
13.033, 0.00000, -0.02336, -0.08418, 0.06461, 0.12834
13.050, 0.00000, -0.02078, -0.07479, 0.05726, 0.11414
13.067, 0.00000, -0.01834, -0.06595, 0.05035, 0.10078
13.083, 0.00000, -0.01606, -0.05766, 0.04389, 0.08825
13.100, 0.00000, -0.01393, -0.04994, 0.03786, 0.07655
13.117, 0.00000, -0.01195, -0.04277, 0.03229, 0.06568
13.133, 0.00000, -0.01013, -0.03615, 0.02715, 0.05564
13.150, 0.00000, -0.00845, -0.03009, 0.02246, 0.04643
13.167, 0.00000, -0.00692, -0.02458, 0.01822, 0.03806
13.183, 0.00000, -0.00555, -0.01963, 0.01441, 0.03052
13.200, 0.00000, -0.00433, -0.01524, 0.01106, 0.02381
13.217, 0.00000, -0.00326, -0.01140, 0.00814, 0.01793
13.233, 0.00000, -0.00234, -0.00812, 0.00567, 0.01288
13.250, 0.00000, -0.00157, -0.00539, 0.00365, 0.00866
13.267, 0.00000, -0.00096, -0.00322, 0.00206, 0.00527
13.283, 0.00000, -0.00049, -0.00160, 0.00092, 0.00272
13.300, 0.00000, -0.00018, -0.00054, 0.00023, 0.00100
13.317, 0.00000, -0.00002, -0.00004, -0.00002, 0.00011
13.333, 0.00000, -0.00000, -0.00000, -0.00002, 0.00003
13.350, 0.00000, -0.00000, -0.00000, -0.00002, 0.00002
13.367, 0.00000, -0.00000, -0.00000, -0.00002, 0.00002
13.383, 0.00000, -0.00000, -0.00000, -0.00001, 0.00002
13.400, 0.00000, -0.00000, -0.00000, -0.00001, 0.00001
13.417, 0.00000, -0.00000, -0.00000, -0.00001, 0.00001
13.433, 0.00000, -0.00000, -0.00000, -0.00001, 0.00001
13.450, 0.00000, -0.00000, -0.00000, -0.00001, 0.00001
13.467, 0.00000, -0.00000, -0.00000, -0.00001, 0.00000
13.483, 0.00000, -0.00000, -0.00000, -0.00001, 0.00000
13.500, 0.00000, -0.00000, -0.00000, -0.00001, -0.00000
13.517, 0.00000, -0.00000, -0.00000, -0.00001, -0.00000
13.533, 0.00000, -0.00000, -0.00000, -0.00001, -0.00001
13.550, 0.00001, -0.00000, -0.00000, -0.00000, -0.00001
13.567, 0.00001, -0.00000, -0.00000, -0.00000, -0.00001
13.583, 0.00001, -0.00000, -0.00000, -0.00000, -0.00001
13.600, 0.00001, -0.00000, -0.00000, -0.00000, -0.00001
13.617, 0.00001, -0.00000, -0.00000, -0.00000, -0.00001
13.633, 0.00001, -0.00000, -0.00000, -0.00000, -0.00001
13.650, 0.00001, -0.00000, -0.00000, -0.00000, -0.00002
13.667, 0.00001, 0.00000, 0.00000, 0.00000, -0.00002
13.683, 0.00001, 0.00000, 0.00000, 0.00000, -0.00002
13.700, 0.00001, 0.00000, 0.00000, 0.00000, -0.00002
13.717, 0.00001, 0.00000, 0.00000, 0.00000, -0.00002
13.733, 0.00001, 0.00000, 0.00000, 0.00000, -0.00002
13.750, 0.00001, 0.00000, 0.00000, 0.00000, -0.00002
13.767, 0.00000, 0.00000, 0.00000, 0.00000, -0.00002
13.783, 0.00000, 0.00000, 0.00000, 0.00000, -0.00002
13.800, 0.00000, 0.00000, 0.00000, 0.00000, -0.00002
13.817, 0.00000, 0.00000, 0.00000, 0.00000, -0.00002
13.833, 0.00000, 0.00000, 0.00000, 0.00000, -0.00002
13.850, 0.00000, 0.00000, 0.00000, 0.00001, -0.00002
13.867, 0.00000, 0.00000, 0.00000, 0.00001, -0.00002
13.883, 0.00000, 0.00000, 0.00000, 0.00001, -0.00002
13.900, 0.00000, 0.00000, 0.00000, 0.00001, -0.00002
13.917, 0.00000, 0.00000, 0.00000, 0.00001, -0.00002
13.933, 0.00000, 0.00000, 0.00000, 0.00001, -0.00001
13.950, 0.00000, 0.00000, 0.00000, 0.00001, -0.00001
13.967, 0.00000, 0.00000, 0.00000, 0.00001, -0.00001
13.983, 0.00000, 0.00000, 0.00000, 0.00001, -0.00001
14.000, -0.00000, 0.00000, 0.00000, 0.00001, -0.00001
14.017, -0.00000, 0.00000, 0.00000, 0.00001, -0.00001
14.033, -0.00000, 0.00000, 0.00000, 0.00001, -0.00000
14.050, -0.00000, 0.00000, 0.00000, 0.00001, -0.00000
14.067, -0.00000, 0.00000, 0.00000, 0.00001, -0.00000
14.083, -0.00000, 0.00000, 0.00000, 0.00001, 0.00000
14.100, -0.00000, 0.00000, 0.00000, 0.00001, 0.00000
14.117, -0.00001, 0.00000, 0.00000, 0.00001, 0.00001
14.133, -0.00001, 0.00000, 0.00000, 0.00000, 0.00001
14.150, -0.00001, 0.00000, 0.00000, 0.00000, 0.00001
14.167, -0.00001, 0.00000, 0.00000, 0.00000, 0.00001
14.183, -0.00001, 0.00000, 0.00000, 0.00000, 0.00002
14.200, -0.00001, 0.00000, 0.00000, 0.00000, 0.00002
14.217, -0.00001, 0.00000, 0.00000, 0.00000, 0.00002
14.233, -0.00001, 0.00000, 0.00000, 0.00000, 0.00003
14.250, -0.00001, 0.00000, 0.00000, 0.00000, 0.00003
14.267, -0.00001, 0.00000, 0.00000, 0.00000, 0.00003
14.283, -0.00001, 0.00000, 0.00000, 0.00000, 0.00004
14.300, -0.00002, 0.00000, 0.00000, 0.00000, 0.00004
14.317, -0.00002, 0.00000, 0.00000, 0.00000, 0.00005
14.333, -0.00033, 0.00000, 0.00000, 0.00000, 0.00042
14.350, -0.00122, 0.00000, 0.00000, 0.00000, 0.00133
14.367, -0.00266, 0.00000, 0.00000, 0.00000, 0.00273
14.383, -0.00466, 0.00000, 0.00000, 0.00000, 0.00463
14.400, -0.00722, 0.00000, 0.00000, 0.00000, 0.00703
14.417, -0.01033, 0.00000, 0.00000, 0.00000, 0.00993
14.433, -0.01399, 0.00000, 0.00000, 0.00000, 0.01332
14.450, -0.01822, 0.00000, 0.00000, 0.00000, 0.01721
14.467, -0.02299, 0.00000, 0.00000, 0.00000, 0.02159
14.483, -0.02833, 0.00000, 0.00000, 0.00000, 0.02647
14.500, -0.03422, 0.00000, 0.00000, 0.00000, 0.03184
14.517, -0.04066, 0.00000, 0.00000, 0.00000, 0.03772
14.533, -0.04733, 0.00000, 0.00000, 0.00000, 0.04409
14.550, -0.05400, 0.00000, 0.00000, 0.00000, 0.05095
14.567, -0.06067, 0.00000, 0.00000, 0.00000, 0.05831
14.583, -0.06733, 0.00000, 0.00000, 0.00000, 0.06617
14.600, -0.07400, 0.00000, 0.00000, 0.00000, 0.07452
14.617, -0.08067, 0.00000, 0.00000, 0.00000, 0.08337
14.633, -0.08733, 0.00000, 0.00000, 0.00000, 0.09272
14.650, -0.09400, 0.00000, 0.00000, 0.00000, 0.10256
14.667, -0.10067, 0.00000, 0.00000, 0.00000, 0.11290
14.683, -0.10733, 0.00000, 0.00000, 0.00000, 0.12374
14.700, -0.11400, 0.00000, 0.00000, 0.00000, 0.13507
14.717, -0.12067, 0.00000, 0.00000, 0.00000, 0.14690
14.733, -0.12733, 0.00000, 0.00000, 0.00000, 0.15922
14.750, -0.13400, 0.00000, 0.00000, 0.00000, 0.17204
14.767, -0.14067, 0.00000, 0.00000, 0.00000, 0.18536
14.783, -0.14733, 0.00000, 0.00000, 0.00000, 0.19917
14.800, -0.15400, 0.00000, 0.00000, 0.00000, 0.21348
14.817, -0.16067, 0.00000, 0.00000, 0.00000, 0.22828
14.833, -0.16733, 0.00000, 0.00000, 0.00000, 0.24358
14.850, -0.17400, 0.00000, 0.00000, 0.00000, 0.25939
14.867, -0.18067, 0.00000, 0.00000, 0.00000, 0.27567
14.883, -0.18733, 0.00000, 0.00000, 0.00000, 0.29223
14.900, -0.19400, 0.00000, 0.00000, 0.00000, 0.30874
14.917, -0.20067, 0.00000, 0.00000, 0.00000, 0.32527
14.933, -0.20733, 0.00000, 0.00000, 0.00000, 0.34179
14.950, -0.21400, 0.00000, 0.00000, 0.00000, 0.35831
14.967, -0.22067, 0.00000, 0.00000, 0.00000, 0.37483
14.983, -0.22733, 0.00000, 0.00000, 0.00000, 0.39135
15.000, -0.23400, 0.00000, 0.00000, 0.00000, 0.40787
15.017, -0.24067, 0.00000, 0.00000, 0.00000, 0.42442
15.033, -0.24733, 0.00000, 0.00000, 0.00000, 0.44080
15.050, -0.25400, 0.00000, 0.00000, 0.00000, 0.45673
15.067, -0.26067, 0.00000, 0.00000, 0.00000, 0.47215
15.083, -0.26701, 0.00000, 0.00000, 0.00000, 0.48707
15.100, -0.27278, 0.00000, 0.00000, 0.00000, 0.50150
15.117, -0.27801, 0.00000, 0.00000, 0.00000, 0.51543
15.133, -0.28267, 0.00000, 0.00000, 0.00000, 0.52886
15.150, -0.28678, 0.00000, 0.00000, 0.00000, 0.54180
15.167, -0.29034, 0.00000, 0.00000, 0.00000, 0.55424
15.183, -0.29334, 0.00000, 0.00000, 0.00000, 0.56619
15.200, -0.29578, 0.00000, 0.00000, 0.00000, 0.57764
15.217, -0.29767, 0.00000, 0.00000, 0.00000, 0.58859
15.233, -0.29900, 0.00000, 0.00000, 0.00000, 0.59905
15.250, -0.29979, 0.00000, 0.00000, 0.00000, 0.60901
15.267, -0.30000, 0.00000, 0.00000, 0.00000, 0.61847
15.283, -0.30000, 0.00000, 0.00000, 0.00000, 0.62744
15.300, -0.30000, 0.00000, 0.00000, 0.00000, 0.63591
15.317, -0.30000, 0.00000, 0.00000, 0.00000, 0.64389
15.333, -0.30000, 0.00000, 0.00000, 0.00000, 0.65137
15.350, -0.30000, 0.00000, 0.00000, 0.00000, 0.65835
15.367, -0.30000, 0.00000, 0.00000, 0.00000, 0.66484
15.383, -0.30000, 0.00000, 0.00000, 0.00000, 0.67083
15.400, -0.30000, 0.00000, 0.00000, 0.00000, 0.67632
15.417, -0.30000, 0.00000, 0.00000, 0.00000, 0.68132
15.433, -0.30000, 0.00000, 0.00000, 0.00000, 0.68582
15.450, -0.30000, 0.00000, 0.00000, 0.00000, 0.68983
15.467, -0.30000, 0.00000, 0.00000, 0.00000, 0.69333
15.483, -0.30000, 0.00000, 0.00000, 0.00000, 0.69635
15.500, -0.30000, 0.00000, 0.00000, 0.00000, 0.69886
15.517, -0.30000, 0.00000, 0.00000, 0.00000, 0.70088
15.533, -0.30000, 0.00000, 0.00000, 0.00000, 0.70241
15.550, -0.30000, 0.00000, 0.00000, 0.00000, 0.70344
15.567, -0.30000, 0.00000, 0.00000, 0.00000, 0.70396
15.583, -0.30000, 0.00000, 0.00000, 0.00000, 0.70404
15.600, -0.30000, 0.00000, 0.00000, 0.00000, 0.70402
15.617, -0.30000, 0.00000, 0.00000, 0.00000, 0.70402
15.633, -0.30000, 0.00000, 0.00000, 0.00000, 0.70402
15.650, -0.30000, 0.00000, 0.00000, 0.00000, 0.70402
15.667, -0.30000, 0.00000, 0.00000, 0.00000, 0.70402
15.683, -0.30000, 0.00000, 0.00000, 0.00000, 0.70402
15.700, -0.30000, 0.00000, 0.00000, 0.00000, 0.70402
15.717, -0.30000, 0.00000, 0.00000, 0.00000, 0.70402
15.733, -0.30000, 0.00000, 0.00000, 0.00000, 0.70402
15.750, -0.30000, 0.00000, 0.00000, 0.00000, 0.70402
15.767, -0.30000, 0.00000, 0.00000, 0.00000, 0.70402
15.783, -0.30000, 0.00000, 0.00000, 0.00000, 0.70402
15.800, -0.30000, 0.00000, 0.00000, 0.00000, 0.70402
15.817, -0.30000, 0.00000, 0.00000, 0.00000, 0.70402
15.833, -0.30000, 0.00000, 0.00000, 0.00000, 0.70402
15.850, -0.30000, 0.00000, 0.00000, 0.00000, 0.70402
15.867, -0.30000, 0.00000, 0.00000, 0.00000, 0.70402
15.883, -0.30000, 0.00000, 0.00000, 0.00000, 0.70402
15.900, -0.30000, 0.00000, 0.00000, 0.00000, 0.70402
15.917, -0.30000, 0.00000, 0.00000, 0.00000, 0.70402
15.933, -0.30000, 0.00000, 0.00000, 0.00000, 0.70402
15.950, -0.30000, 0.00000, 0.00000, 0.00000, 0.70402
15.967, -0.30000, 0.00000, 0.00000, 0.00000, 0.70402
15.983, -0.30000, 0.00000, 0.00000, 0.00000, 0.70402
16.000, -0.30000, 0.00000, 0.00000, 0.00000, 0.70402
16.017, -0.30000, 0.00000, 0.00000, 0.00000, 0.70402
16.033, -0.30000, 0.00000, 0.00000, 0.00000, 0.70402
16.050, -0.30000, 0.00000, 0.00000, 0.00000, 0.70402
16.067, -0.30000, 0.00000, 0.00000, 0.00000, 0.70402
16.083, -0.30000, 0.00000, 0.00000, 0.00000, 0.70402
16.100, -0.30000, 0.00000, 0.00000, 0.00000, 0.70402
16.117, -0.30000, 0.00000, 0.00000, 0.00000, 0.70402
16.133, -0.30000, 0.00000, 0.00000, 0.00000, 0.70402
16.150, -0.30000, 0.00000, 0.00000, 0.00000, 0.70402
16.167, -0.30000, 0.00000, 0.00000, 0.00000, 0.70402
16.183, -0.30000, 0.00000, 0.00000, 0.00000, 0.70402
16.200, -0.30000, 0.00000, 0.00000, 0.00000, 0.70402
16.217, -0.30000, 0.00000, 0.00000, 0.00000, 0.70402
16.233, -0.30000, 0.00000, 0.00000, 0.00000, 0.70402
16.250, -0.30000, 0.00000, 0.00000, 0.00000, 0.70402
16.267, -0.30000, 0.00000, 0.00000, 0.00000, 0.70402
16.283, -0.30000, 0.00000, 0.00000, 0.00000, 0.70402
16.300, -0.30000, 0.00000, 0.00000, 0.00000, 0.70402
16.317, -0.30000, 0.00000, 0.00000, 0.00000, 0.70402
16.333, -0.30000, 0.00000, 0.00000, 0.00000, 0.70402
16.350, -0.30000, 0.00000, 0.00000, 0.00000, 0.70402
16.367, -0.30000, 0.00000, 0.00000, 0.00000, 0.70402
16.383, -0.30000, 0.00000, 0.00000, 0.00000, 0.70402
16.400, -0.30000, 0.00000, 0.00000, 0.00000, 0.70402
16.417, -0.30000, 0.00000, 0.00000, 0.00000, 0.70402
16.433, -0.30000, 0.00000, 0.00000, 0.00000, 0.70402
16.450, -0.30000, 0.00000, 0.00000, 0.00000, 0.70402
16.467, -0.30000, 0.00000, 0.00000, 0.00000, 0.70402
16.483, -0.30000, 0.00000, 0.00000, 0.00000, 0.70402
16.500, -0.30000, 0.00000, 0.00000, 0.00000, 0.70402
16.517, -0.30000, 0.00000, 0.00000, 0.00000, 0.70402
16.533, -0.30000, 0.00000, 0.00000, 0.00000, 0.70402
16.550, -0.30000, 0.00000, 0.00000, 0.00000, 0.70399
16.567, -0.30000, 0.00000, 0.00000, 0.00000, 0.70352
16.583, -0.30000, 0.00000, 0.00000, 0.00000, 0.70254
16.600, -0.30000, 0.00000, 0.00000, 0.00000, 0.70107
16.617, -0.30000, 0.00000, 0.00000, 0.00000, 0.69911
16.633, -0.30000, 0.00000, 0.00000, 0.00000, 0.69664
16.650, -0.30000, 0.00000, 0.00000, 0.00000, 0.69368
16.667, -0.30000, 0.00000, 0.00000, 0.00000, 0.69023
16.683, -0.30000, 0.00000, 0.00000, 0.00000, 0.68628
16.700, -0.30000, 0.00000, 0.00000, 0.00000, 0.68183
16.717, -0.30000, 0.00000, 0.00000, 0.00000, 0.67689
16.733, -0.30000, 0.00000, 0.00000, 0.00000, 0.67145
16.750, -0.30000, 0.00000, 0.00000, 0.00000, 0.66551
16.767, -0.30000, 0.00000, 0.00000, 0.00000, 0.65908
16.783, -0.30000, 0.00000, 0.00000, 0.00000, 0.65215
16.800, -0.30000, 0.00000, 0.00000, 0.00000, 0.64472
16.817, -0.30000, 0.00000, 0.00000, 0.00000, 0.63680
16.833, -0.30000, 0.00000, 0.00000, 0.00000, 0.62838
16.850, -0.30001, 0.00000, 0.00000, 0.00000, 0.61947
16.867, -0.29979, 0.00000, 0.00000, 0.00000, 0.61006
16.883, -0.29901, 0.00000, 0.00000, 0.00000, 0.60015
16.900, -0.29768, 0.00000, 0.00000, 0.00000, 0.58975
16.917, -0.29579, 0.00000, 0.00000, 0.00000, 0.57885
16.933, -0.29335, 0.00000, 0.00000, 0.00000, 0.56745
16.950, -0.29035, 0.00000, 0.00000, 0.00000, 0.55556
16.967, -0.28680, 0.00000, 0.00000, 0.00000, 0.54317
16.983, -0.28269, 0.00000, 0.00000, 0.00000, 0.53029
17.000, -0.27803, 0.00000, 0.00000, 0.00000, 0.51691
17.017, -0.27281, 0.00000, 0.00000, 0.00000, 0.50303
17.033, -0.26703, 0.00000, 0.00000, 0.00000, 0.48866
17.050, -0.26070, 0.00000, 0.00000, 0.00000, 0.47379
17.067, -0.25402, 0.00000, 0.00000, 0.00000, 0.45842
17.083, -0.24736, 0.00000, 0.00000, 0.00000, 0.44256
17.100, -0.24069, 0.00000, 0.00000, 0.00000, 0.42620
17.117, -0.23403, 0.00000, 0.00000, 0.00000, 0.40966
17.133, -0.22736, 0.00000, 0.00000, 0.00000, 0.39314
17.150, -0.22069, 0.00000, 0.00000, 0.00000, 0.37662
17.167, -0.21403, 0.00000, 0.00000, 0.00000, 0.36010
17.183, -0.20736, 0.00000, 0.00000, 0.00000, 0.34358
17.200, -0.20069, 0.00000, 0.00000, 0.00000, 0.32706
17.217, -0.19403, 0.00000, 0.00000, 0.00000, 0.31053
17.233, -0.18736, 0.00000, 0.00000, 0.00000, 0.29402
17.250, -0.18069, 0.00000, 0.00000, 0.00000, 0.27747
17.267, -0.17403, 0.00000, 0.00000, 0.00000, 0.26113
17.283, -0.16736, 0.00000, 0.00000, 0.00000, 0.24527
17.300, -0.16069, 0.00000, 0.00000, 0.00000, 0.22992
17.317, -0.15403, 0.00000, 0.00000, 0.00000, 0.21506
17.333, -0.14736, 0.00000, 0.00000, 0.00000, 0.20070
17.350, -0.14069, 0.00000, 0.00000, 0.00000, 0.18683
17.367, -0.13403, 0.00000, 0.00000, 0.00000, 0.17346
17.383, -0.12736, 0.00000, 0.00000, 0.00000, 0.16058
17.400, -0.12069, 0.00000, 0.00000, 0.00000, 0.14821
17.417, -0.11403, 0.00000, 0.00000, 0.00000, 0.13633
17.433, -0.10736, 0.00000, 0.00000, 0.00000, 0.12494
17.450, -0.10069, 0.00000, 0.00000, 0.00000, 0.11405
17.467, -0.09403, 0.00000, 0.00000, 0.00000, 0.10366
17.483, -0.08736, 0.00000, 0.00000, 0.00000, 0.09376
17.500, -0.08069, 0.00000, 0.00000, 0.00000, 0.08436
17.517, -0.07403, 0.00000, 0.00000, 0.00000, 0.07546
17.533, -0.06736, 0.00000, 0.00000, 0.00000, 0.06705
17.550, -0.06069, 0.00000, 0.00000, 0.00000, 0.05914
17.567, -0.05403, 0.00000, 0.00000, 0.00000, 0.05172
17.583, -0.04736, 0.00000, 0.00000, 0.00000, 0.04481
17.600, -0.04070, 0.00000, 0.00000, 0.00000, 0.03838
17.617, -0.03424, 0.00000, 0.00000, 0.00000, 0.03246
17.633, -0.02835, 0.00000, 0.00000, 0.00000, 0.02703
17.650, -0.02301, 0.00000, 0.00000, 0.00000, 0.02209
17.667, -0.01823, 0.00000, 0.00000, 0.00000, 0.01766
17.683, -0.01401, 0.00000, 0.00000, 0.00000, 0.01372
17.700, -0.01034, 0.00000, 0.00000, 0.00000, 0.01027
17.717, -0.00723, 0.00000, 0.00000, 0.00000, 0.00732
17.733, -0.00467, 0.00000, 0.00000, 0.00000, 0.00487
17.750, -0.00267, 0.00000, 0.00000, 0.00000, 0.00291
17.767, -0.00122, 0.00000, 0.00000, 0.00000, 0.00146
17.783, -0.00033, 0.00000, 0.00000, 0.00000, 0.00049
17.800, 0.00001, 0.00000, 0.00000, 0.00000, 0.00002
17.817, 0.00000, -0.00000, -0.00000, 0.00000, 0.00002
17.833, 0.00000, -0.00000, -0.00000, 0.00000, 0.00002
17.850, 0.00000, -0.00000, -0.00000, 0.00000, 0.00001
17.867, 0.00000, -0.00000, -0.00000, 0.00001, 0.00001
17.883, 0.00000, -0.00000, -0.00000, 0.00001, 0.00001
17.900, 0.00000, -0.00000, -0.00000, 0.00001, 0.00001
17.917, 0.00000, -0.00000, -0.00000, 0.00001, 0.00000
17.933, 0.00000, -0.00000, -0.00000, 0.00001, 0.00000
17.950, 0.00000, -0.00000, -0.00000, 0.00001, -0.00000
17.967, 0.00000, -0.00000, -0.00000, 0.00001, -0.00000
17.983, 0.00000, -0.00000, -0.00000, 0.00001, -0.00001
18.000, 0.00000, -0.00000, -0.00000, 0.00001, -0.00001
18.017, 0.00000, -0.00000, -0.00000, 0.00001, -0.00001
18.033, 0.00000, -0.00000, -0.00001, 0.00001, -0.00001
18.050, 0.00000, -0.00000, -0.00001, 0.00001, -0.00001
18.067, 0.00000, -0.00000, -0.00001, 0.00001, -0.00001
18.083, 0.00000, -0.00000, -0.00001, 0.00001, -0.00002
18.100, 0.00000, -0.00000, -0.00001, 0.00001, -0.00002
18.117, 0.00000, -0.00000, -0.00001, 0.00002, -0.00002
18.133, -0.00000, -0.00000, -0.00001, 0.00002, -0.00002
18.150, -0.00000, -0.00000, -0.00001, 0.00002, -0.00002
18.167, -0.00000, -0.00000, -0.00001, 0.00001, -0.00002
18.183, -0.00000, -0.00000, -0.00001, 0.00001, -0.00002
18.200, -0.00000, -0.00000, -0.00001, 0.00001, -0.00002
18.217, -0.00000, -0.00000, -0.00001, 0.00001, -0.00002
18.233, -0.00000, -0.00000, -0.00001, 0.00001, -0.00002
18.250, -0.00000, -0.00000, -0.00000, 0.00001, -0.00002
18.267, -0.00000, -0.00000, -0.00000, 0.00001, -0.00002
18.283, -0.00000, -0.00000, -0.00000, 0.00001, -0.00002
18.300, -0.00000, -0.00000, -0.00000, 0.00001, -0.00002
18.317, -0.00000, -0.00000, -0.00000, 0.00001, -0.00002
18.333, -0.00000, -0.00000, -0.00000, 0.00001, -0.00002
18.350, -0.00000, -0.00000, -0.00000, 0.00001, -0.00002
18.367, -0.00000, -0.00000, -0.00000, 0.00001, -0.00002
18.383, -0.00000, -0.00000, -0.00000, 0.00001, -0.00002
18.400, -0.00000, -0.00000, -0.00000, 0.00001, -0.00001
18.417, -0.00000, -0.00000, -0.00000, 0.00000, -0.00001
18.433, -0.00000, -0.00000, -0.00000, 0.00000, -0.00001
18.450, -0.00000, -0.00000, -0.00000, 0.00000, -0.00001
18.467, -0.00000, 0.00000, 0.00000, -0.00000, -0.00001
18.483, -0.00000, 0.00000, 0.00000, -0.00000, -0.00001
18.500, -0.00000, 0.00000, 0.00000, -0.00000, -0.00000
18.517, -0.00000, 0.00000, 0.00000, -0.00000, -0.00000
18.533, -0.00000, 0.00000, 0.00000, -0.00001, 0.00000
18.550, -0.00000, 0.00000, 0.00000, -0.00001, 0.00000
18.567, -0.00000, 0.00000, 0.00000, -0.00001, 0.00001
18.583, -0.00000, 0.00000, 0.00000, -0.00001, 0.00001
18.600, -0.00000, 0.00000, 0.00001, -0.00001, 0.00001
18.617, -0.00000, 0.00000, 0.00001, -0.00002, 0.00001
18.633, -0.00000, 0.00000, 0.00001, -0.00002, 0.00002
18.650, -0.00000, 0.00001, 0.00001, -0.00002, 0.00002
18.667, -0.00000, 0.00001, 0.00001, -0.00002, 0.00002
18.683, -0.00000, 0.00001, 0.00001, -0.00003, 0.00003
18.700, -0.00000, 0.00001, 0.00001, -0.00003, 0.00003
18.717, -0.00000, 0.00001, 0.00001, -0.00003, 0.00003
18.733, -0.00000, 0.00001, 0.00001, -0.00003, 0.00004
18.750, -0.00000, 0.00001, 0.00001, -0.00004, 0.00004
18.767, -0.00000, 0.00001, 0.00001, -0.00004, 0.00005
18.783, -0.00000, 0.00001, 0.00002, -0.00004, 0.00005
18.800, -0.00000, 0.00001, 0.00002, -0.00005, 0.00006
18.817, 0.00000, 0.00016, 0.00046, -0.00051, 0.00084
18.833, 0.00000, 0.00045, 0.00146, -0.00142, 0.00246
18.850, 0.00000, 0.00090, 0.00302, -0.00278, 0.00492
18.867, 0.00000, 0.00150, 0.00513, -0.00458, 0.00820
18.883, 0.00000, 0.00225, 0.00779, -0.00682, 0.01231
18.900, 0.00000, 0.00316, 0.01102, -0.00951, 0.01726
18.917, 0.00000, 0.00421, 0.01479, -0.01264, 0.02304
18.933, 0.00000, 0.00542, 0.01913, -0.01621, 0.02965
18.950, 0.00000, 0.00678, 0.02402, -0.02023, 0.03709
18.967, 0.00000, 0.00829, 0.02946, -0.02469, 0.04536
18.983, 0.00000, 0.00995, 0.03546, -0.02960, 0.05446
19.000, 0.00000, 0.01176, 0.04202, -0.03495, 0.06440
19.017, 0.00000, 0.01372, 0.04913, -0.04075, 0.07517
19.033, 0.00000, 0.01584, 0.05679, -0.04698, 0.08676
19.050, 0.00000, 0.01810, 0.06502, -0.05367, 0.09919
19.067, 0.00000, 0.02052, 0.07379, -0.06079, 0.11245
19.083, 0.00000, 0.02309, 0.08313, -0.06836, 0.12655
19.100, 0.00000, 0.02581, 0.09302, -0.07637, 0.14147
19.117, 0.00000, 0.02869, 0.10346, -0.08483, 0.15723
19.133, 0.00000, 0.03171, 0.11446, -0.09373, 0.17381
19.150, 0.00000, 0.03489, 0.12600, -0.10308, 0.19123
19.167, 0.00000, 0.03821, 0.13767, -0.11287, 0.20948
19.183, 0.00000, 0.04169, 0.14933, -0.12310, 0.22856
19.200, 0.00000, 0.04532, 0.16100, -0.13378, 0.24848
19.217, 0.00000, 0.04910, 0.17267, -0.14490, 0.26922
19.233, 0.00000, 0.05304, 0.18433, -0.15646, 0.29080
19.250, 0.00000, 0.05712, 0.19600, -0.16847, 0.31321
19.267, 0.00000, 0.06136, 0.20767, -0.18093, 0.33639
19.283, 0.00000, 0.06574, 0.21933, -0.19382, 0.35971
19.300, 0.00000, 0.07028, 0.23098, -0.20716, 0.38301
19.317, 0.00000, 0.07497, 0.24221, -0.22095, 0.40632
19.333, 0.00000, 0.07982, 0.25287, -0.23517, 0.42963
19.350, 0.00000, 0.08473, 0.26298, -0.24985, 0.45293
19.367, 0.00000, 0.08963, 0.27254, -0.26496, 0.47624
19.383, 0.00000, 0.09454, 0.28154, -0.28033, 0.49957
19.400, 0.00000, 0.09945, 0.28998, -0.29566, 0.52273
19.417, 0.00000, 0.10435, 0.29787, -0.31100, 0.54516
19.433, 0.00000, 0.10926, 0.30521, -0.32634, 0.56674
19.450, 0.00000, 0.11416, 0.31198, -0.34167, 0.58750
19.467, 0.00000, 0.11907, 0.31821, -0.35701, 0.60742
19.483, 0.00000, 0.12397, 0.32387, -0.37235, 0.62651
19.500, 0.00000, 0.12888, 0.32898, -0.38768, 0.64477
19.517, 0.00000, 0.13379, 0.33354, -0.40304, 0.66219
19.533, 0.00000, 0.13869, 0.33754, -0.41834, 0.67879
19.550, 0.00000, 0.14360, 0.34098, -0.43333, 0.69455
19.567, 0.00000, 0.14850, 0.34387, -0.44786, 0.70949
19.583, 0.00000, 0.15331, 0.34621, -0.46194, 0.72359
19.600, 0.00000, 0.15795, 0.34798, -0.47558, 0.73686
19.617, 0.00000, 0.16245, 0.34921, -0.48878, 0.74929
19.633, 0.00000, 0.16680, 0.34987, -0.50153, 0.76090
19.650, 0.00000, 0.17099, 0.35002, -0.51383, 0.77168
19.667, 0.00000, 0.17503, 0.35000, -0.52570, 0.78162
19.683, 0.00000, 0.17892, 0.35000, -0.53712, 0.79073
19.700, 0.00000, 0.18266, 0.35000, -0.54809, 0.79901
19.717, 0.00000, 0.18625, 0.35000, -0.55863, 0.80646
19.733, 0.00000, 0.18969, 0.35000, -0.56871, 0.81308
19.750, 0.00000, 0.19297, 0.35000, -0.57836, 0.81886
19.767, 0.00000, 0.19611, 0.35000, -0.58756, 0.82382
19.783, 0.00000, 0.19909, 0.35000, -0.59631, 0.82794
19.800, 0.00000, 0.20192, 0.35000, -0.60463, 0.83123
19.817, 0.00000, 0.20460, 0.35000, -0.61249, 0.83369
19.833, 0.00000, 0.20713, 0.35000, -0.61992, 0.83532
19.850, 0.00000, 0.20950, 0.35000, -0.62690, 0.83611
19.867, 0.00000, 0.21173, 0.35000, -0.63344, 0.83618
19.883, 0.00000, 0.21380, 0.35000, -0.63953, 0.83618
19.900, 0.00000, 0.21572, 0.35000, -0.64518, 0.83618
19.917, 0.00000, 0.21749, 0.35000, -0.65038, 0.83618
19.933, 0.00000, 0.21911, 0.35000, -0.65514, 0.83618
19.950, 0.00000, 0.22058, 0.35000, -0.65946, 0.83618
19.967, 0.00000, 0.22189, 0.35000, -0.66333, 0.83618
19.983, 0.00000, 0.22306, 0.35000, -0.66676, 0.83618
20.000, 0.00000, 0.22407, 0.35000, -0.66975, 0.83618
20.017, 0.00000, 0.22493, 0.35000, -0.67229, 0.83618
20.033, 0.00000, 0.22564, 0.35000, -0.67439, 0.83618
20.050, 0.00000, 0.22620, 0.35000, -0.67604, 0.83618
20.067, 0.00000, 0.22661, 0.35000, -0.67725, 0.83618
20.083, 0.00000, 0.22686, 0.35000, -0.67802, 0.83618
20.100, 0.00000, 0.22696, 0.35000, -0.67833, 0.83618
20.117, 0.00000, 0.22696, 0.35000, -0.67833, 0.83618
20.133, 0.00000, 0.22696, 0.35000, -0.67833, 0.83618
20.150, 0.00000, 0.22696, 0.35000, -0.67833, 0.83618
20.167, 0.00000, 0.22696, 0.35000, -0.67833, 0.83618
20.183, 0.00000, 0.22696, 0.35000, -0.67833, 0.83618
20.200, 0.00000, 0.22696, 0.35000, -0.67833, 0.83618
20.217, 0.00000, 0.22696, 0.35000, -0.67833, 0.83618
20.233, 0.00000, 0.22696, 0.35000, -0.67833, 0.83618
20.250, 0.00000, 0.22696, 0.35000, -0.67833, 0.83618
20.267, 0.00000, 0.22696, 0.35000, -0.67833, 0.83618
20.283, 0.00000, 0.22696, 0.35000, -0.67833, 0.83618
20.300, 0.00000, 0.22696, 0.35000, -0.67833, 0.83618
20.317, 0.00000, 0.22696, 0.35000, -0.67833, 0.83618
20.333, 0.00000, 0.22696, 0.35000, -0.67833, 0.83618
20.350, 0.00000, 0.22696, 0.35000, -0.67833, 0.83618
20.367, 0.00000, 0.22696, 0.35000, -0.67833, 0.83618
20.383, 0.00000, 0.22696, 0.35000, -0.67833, 0.83618
20.400, 0.00000, 0.22696, 0.35000, -0.67833, 0.83618
20.417, 0.00000, 0.22697, 0.35000, -0.67833, 0.83618
20.433, 0.00000, 0.22695, 0.35000, -0.67808, 0.83618
20.450, 0.00000, 0.22680, 0.35000, -0.67736, 0.83618
20.467, 0.00000, 0.22650, 0.35000, -0.67620, 0.83618
20.483, 0.00000, 0.22605, 0.35000, -0.67460, 0.83618
20.500, 0.00000, 0.22545, 0.35000, -0.67255, 0.83618
20.517, 0.00000, 0.22469, 0.35000, -0.67006, 0.83618
20.533, 0.00000, 0.22378, 0.35000, -0.66712, 0.83618
20.550, 0.00000, 0.22273, 0.35000, -0.66374, 0.83618
20.567, 0.00000, 0.22152, 0.35000, -0.65992, 0.83618
20.583, 0.00000, 0.22016, 0.35000, -0.65565, 0.83618
20.600, 0.00000, 0.21864, 0.35000, -0.65094, 0.83618
20.617, 0.00000, 0.21698, 0.35000, -0.64578, 0.83618
20.633, 0.00000, 0.21517, 0.35000, -0.64018, 0.83618
20.650, 0.00000, 0.21320, 0.35000, -0.63414, 0.83618
20.667, 0.00000, 0.21108, 0.35000, -0.62765, 0.83619
20.683, 0.00000, 0.20881, 0.35000, -0.62072, 0.83598
20.700, 0.00000, 0.20639, 0.35000, -0.61335, 0.83495
20.717, 0.00000, 0.20382, 0.35000, -0.60553, 0.83309
20.733, 0.00000, 0.20109, 0.35000, -0.59727, 0.83040
20.750, 0.00000, 0.19822, 0.35000, -0.58856, 0.82688
20.767, 0.00000, 0.19519, 0.35000, -0.57941, 0.82253
20.783, 0.00000, 0.19201, 0.35000, -0.56982, 0.81734
20.800, 0.00000, 0.18868, 0.35000, -0.55978, 0.81132
20.817, 0.00000, 0.18520, 0.35000, -0.54930, 0.80447
20.833, 0.00000, 0.18157, 0.35000, -0.53837, 0.79679
20.850, 0.00000, 0.17778, 0.35000, -0.52700, 0.78828
20.867, 0.00000, 0.17385, 0.34999, -0.51519, 0.77894
20.883, 0.00000, 0.16976, 0.35001, -0.50293, 0.76877
20.900, 0.00000, 0.16552, 0.34974, -0.49023, 0.75776
20.917, 0.00000, 0.16113, 0.34891, -0.47708, 0.74592
20.933, 0.00000, 0.15659, 0.34752, -0.46350, 0.73325
20.950, 0.00000, 0.15189, 0.34558, -0.44946, 0.71975
20.967, 0.00000, 0.14705, 0.34309, -0.43499, 0.70542
20.983, 0.00000, 0.14214, 0.34004, -0.42006, 0.69026
21.000, 0.00000, 0.13723, 0.33643, -0.40475, 0.67426
21.017, 0.00000, 0.13233, 0.33227, -0.38941, 0.65744
21.033, 0.00000, 0.12742, 0.32755, -0.37407, 0.63978
21.050, 0.00000, 0.12251, 0.32228, -0.35873, 0.62129
21.067, 0.00000, 0.11761, 0.31645, -0.34340, 0.60197
21.083, 0.00000, 0.11270, 0.31007, -0.32806, 0.58181
21.100, 0.00000, 0.10780, 0.30313, -0.31272, 0.56083
21.117, 0.00000, 0.10289, 0.29563, -0.29739, 0.53902
21.133, 0.00000, 0.09798, 0.28758, -0.28204, 0.51634
21.150, 0.00000, 0.09308, 0.27898, -0.26670, 0.49308
21.167, 0.00000, 0.08817, 0.26982, -0.25152, 0.46976
21.183, 0.00000, 0.08327, 0.26010, -0.23680, 0.44646
21.200, 0.00000, 0.07836, 0.24983, -0.22252, 0.42315
21.217, 0.00000, 0.07356, 0.23900, -0.20869, 0.39984
21.233, 0.00000, 0.06892, 0.22762, -0.19530, 0.37654
21.250, 0.00000, 0.06442, 0.21594, -0.18235, 0.35324
21.267, 0.00000, 0.06008, 0.20427, -0.16985, 0.32990
21.283, 0.00000, 0.05589, 0.19261, -0.15779, 0.30690
21.300, 0.00000, 0.05185, 0.18094, -0.14618, 0.28472
21.317, 0.00000, 0.04796, 0.16927, -0.13500, 0.26338
21.333, 0.00000, 0.04423, 0.15761, -0.12428, 0.24286
21.350, 0.00000, 0.04064, 0.14594, -0.11399, 0.22318
21.367, 0.00000, 0.03721, 0.13427, -0.10416, 0.20433
21.383, 0.00000, 0.03392, 0.12261, -0.09476, 0.18631
21.400, 0.00000, 0.03079, 0.11120, -0.08581, 0.16912
21.417, 0.00000, 0.02782, 0.10037, -0.07730, 0.15277
21.433, 0.00000, 0.02499, 0.09008, -0.06924, 0.13724
21.450, 0.00000, 0.02231, 0.08036, -0.06162, 0.12255
21.467, 0.00000, 0.01979, 0.07118, -0.05444, 0.10869
21.483, 0.00000, 0.01741, 0.06257, -0.04771, 0.09566
21.500, 0.00000, 0.01519, 0.05451, -0.04142, 0.08346
21.517, 0.00000, 0.01312, 0.04700, -0.03558, 0.07209
21.533, 0.00000, 0.01120, 0.04005, -0.03018, 0.06155
21.550, 0.00000, 0.00944, 0.03366, -0.02522, 0.05185
21.567, 0.00000, 0.00782, 0.02782, -0.02071, 0.04298
21.583, 0.00000, 0.00636, 0.02254, -0.01664, 0.03494
21.600, 0.00000, 0.00504, 0.01781, -0.01302, 0.02773
21.617, 0.00000, 0.00388, 0.01364, -0.00984, 0.02135
21.633, 0.00000, 0.00287, 0.01002, -0.00710, 0.01580
21.650, 0.00000, 0.00202, 0.00696, -0.00481, 0.01109
21.667, 0.00000, 0.00131, 0.00446, -0.00296, 0.00720
21.683, 0.00000, 0.00075, 0.00251, -0.00155, 0.00415
21.700, 0.00000, 0.00035, 0.00111, -0.00059, 0.00193
21.717, 0.00000, 0.00010, 0.00027, -0.00008, 0.00054
21.733, -0.00000, 0.00000, 0.00000, 0.00002, 0.00003
21.750, -0.00000, 0.00000, 0.00000, 0.00002, 0.00003
21.767, -0.00000, 0.00000, 0.00000, 0.00002, 0.00003
21.783, -0.00000, 0.00000, 0.00000, 0.00002, 0.00003
21.800, -0.00000, 0.00000, 0.00000, 0.00002, 0.00003
21.817, -0.00000, 0.00000, 0.00001, 0.00002, 0.00003
21.833, -0.00000, -0.00000, 0.00001, 0.00002, 0.00003
21.850, -0.00000, -0.00000, 0.00001, 0.00002, 0.00003
21.867, -0.00000, -0.00000, 0.00001, 0.00002, 0.00003
21.883, -0.00000, -0.00000, 0.00001, 0.00002, 0.00003
21.900, -0.00000, -0.00000, 0.00001, 0.00001, 0.00003
21.917, -0.00000, -0.00000, 0.00001, 0.00001, 0.00003
21.933, -0.00000, -0.00000, 0.00001, 0.00001, 0.00002
21.950, -0.00000, -0.00000, 0.00001, 0.00001, 0.00002
21.967, -0.00000, -0.00000, 0.00001, 0.00001, 0.00002
21.983, -0.00000, -0.00000, 0.00001, 0.00001, 0.00002
22.000, -0.00000, -0.00000, 0.00001, 0.00001, 0.00002
22.017, -0.00000, -0.00000, 0.00001, 0.00001, 0.00002
22.033, -0.00000, -0.00001, 0.00001, 0.00001, 0.00002
22.050, -0.00000, -0.00001, 0.00001, 0.00001, 0.00002
22.067, -0.00000, -0.00001, 0.00001, 0.00001, 0.00002
22.083, -0.00000, -0.00001, 0.00001, 0.00001, 0.00002
22.100, -0.00000, -0.00001, 0.00001, 0.00001, 0.00002
22.117, -0.00000, -0.00001, 0.00000, 0.00001, 0.00001
22.133, -0.00000, -0.00001, 0.00000, 0.00001, 0.00001
22.150, -0.00000, -0.00001, 0.00000, 0.00001, 0.00001
22.167, -0.00000, -0.00001, 0.00000, 0.00001, 0.00001
22.183, -0.00000, -0.00001, 0.00000, 0.00000, 0.00001
22.200, -0.00000, -0.00001, 0.00000, 0.00000, 0.00001
22.217, -0.00000, -0.00001, 0.00000, 0.00000, 0.00001
22.233, -0.00000, -0.00001, 0.00000, 0.00000, 0.00001
22.250, -0.00000, -0.00001, 0.00000, 0.00000, 0.00000
22.267, -0.00000, -0.00000, 0.00000, 0.00000, 0.00000
22.283, -0.00000, -0.00000, 0.00000, -0.00000, 0.00000
22.300, -0.00000, -0.00000, 0.00000, -0.00000, 0.00000
22.317, -0.00000, -0.00000, 0.00000, -0.00000, -0.00000
22.333, -0.00000, -0.00000, 0.00000, -0.00000, -0.00000
22.350, -0.00000, -0.00000, 0.00000, -0.00000, -0.00000
22.367, -0.00000, -0.00000, -0.00000, -0.00000, -0.00001
22.383, -0.00000, -0.00000, -0.00000, -0.00001, -0.00001
22.400, 0.00000, -0.00000, -0.00000, -0.00001, -0.00001
22.417, 0.00000, -0.00000, -0.00000, -0.00001, -0.00001
22.433, 0.00000, -0.00000, -0.00000, -0.00001, -0.00001
22.450, 0.00000, 0.00000, -0.00000, -0.00001, -0.00002
22.467, 0.00000, 0.00000, -0.00000, -0.00001, -0.00002
22.483, 0.00000, 0.00000, -0.00000, -0.00001, -0.00002
22.500, 0.00000, 0.00000, -0.00000, -0.00001, -0.00002
22.517, 0.00000, 0.00000, -0.00001, -0.00001, -0.00002
22.533, 0.00000, 0.00000, -0.00001, -0.00001, -0.00003
22.550, 0.00000, 0.00001, -0.00001, -0.00002, -0.00003
22.567, 0.00000, 0.00001, -0.00001, -0.00002, -0.00003
22.583, 0.00000, 0.00001, -0.00001, -0.00002, -0.00003
22.600, 0.00000, 0.00001, -0.00001, -0.00002, -0.00004
22.617, 0.00000, 0.00001, -0.00001, -0.00002, -0.00004
22.633, 0.00000, 0.00001, -0.00001, -0.00002, -0.00004
22.650, 0.00001, 0.00001, -0.00001, -0.00002, -0.00004
22.667, 0.00001, 0.00001, -0.00001, -0.00002, -0.00004
22.683, 0.00001, 0.00001, -0.00001, -0.00002, -0.00005
22.700, 0.00001, 0.00001, -0.00001, -0.00003, -0.00005
22.717, 0.00001, 0.00002, -0.00002, -0.00003, -0.00005
22.733, 0.00002, 0.00006, -0.00006, -0.00005, -0.00014
22.750, 0.00008, 0.00062, -0.00057, -0.00021, -0.00105
22.767, 0.00020, 0.00173, -0.00158, -0.00048, -0.00274
22.783, 0.00037, 0.00339, -0.00309, -0.00086, -0.00521
22.800, 0.00060, 0.00562, -0.00511, -0.00133, -0.00847
22.817, 0.00087, 0.00839, -0.00763, -0.00191, -0.01251
22.833, 0.00119, 0.01173, -0.01065, -0.00259, -0.01733
22.850, 0.00156, 0.01562, -0.01418, -0.00338, -0.02294
22.867, 0.00199, 0.02006, -0.01821, -0.00427, -0.02933
22.883, 0.00246, 0.02506, -0.02274, -0.00526, -0.03651
22.900, 0.00299, 0.03062, -0.02777, -0.00636, -0.04447
22.917, 0.00356, 0.03673, -0.03331, -0.00756, -0.05321
22.933, 0.00419, 0.04339, -0.03935, -0.00887, -0.06273
22.950, 0.00487, 0.05062, -0.04590, -0.01027, -0.07304
22.967, 0.00559, 0.05839, -0.05294, -0.01178, -0.08413
22.983, 0.00637, 0.06673, -0.06049, -0.01340, -0.09601
23.000, 0.00720, 0.07562, -0.06855, -0.01512, -0.10867
23.017, 0.00808, 0.08506, -0.07710, -0.01694, -0.12211
23.033, 0.00901, 0.09506, -0.08616, -0.01886, -0.13634
23.050, 0.00999, 0.10561, -0.09572, -0.02089, -0.15134
23.067, 0.01103, 0.11674, -0.10578, -0.02302, -0.16714
23.083, 0.01211, 0.12833, -0.11637, -0.02526, -0.18371
23.100, 0.01324, 0.14000, -0.12727, -0.02760, -0.20107
23.117, 0.01442, 0.15167, -0.13819, -0.03004, -0.21922
23.133, 0.01566, 0.16333, -0.14911, -0.03259, -0.23814
23.150, 0.01695, 0.17500, -0.16003, -0.03524, -0.25785
23.167, 0.01828, 0.18667, -0.17095, -0.03799, -0.27835
23.183, 0.01963, 0.19833, -0.18187, -0.04085, -0.29962
23.200, 0.02098, 0.21000, -0.19279, -0.04381, -0.32167
23.217, 0.02233, 0.22168, -0.20370, -0.04687, -0.34412
23.233, 0.02368, 0.23326, -0.21463, -0.05004, -0.36651
23.250, 0.02504, 0.24439, -0.22548, -0.05331, -0.38891
23.267, 0.02639, 0.25494, -0.23590, -0.05668, -0.41131
23.283, 0.02774, 0.26494, -0.24582, -0.06016, -0.43371
23.300, 0.02909, 0.27438, -0.25523, -0.06374, -0.45611
23.317, 0.03044, 0.28327, -0.26413, -0.06743, -0.47850
23.333, 0.03179, 0.29161, -0.27254, -0.07122, -0.50092
23.350, 0.03314, 0.29938, -0.28044, -0.07511, -0.52290
23.367, 0.03449, 0.30661, -0.28784, -0.07910, -0.54407
23.383, 0.03584, 0.31327, -0.29473, -0.08320, -0.56447
23.400, 0.03719, 0.31938, -0.30112, -0.08740, -0.58408
23.417, 0.03854, 0.32494, -0.30701, -0.09171, -0.60290
23.433, 0.03989, 0.32994, -0.31240, -0.09612, -0.62094
23.450, 0.04124, 0.33438, -0.31728, -0.10063, -0.63820
23.467, 0.04259, 0.33827, -0.32166, -0.10525, -0.65468
23.483, 0.04394, 0.34161, -0.32554, -0.10997, -0.67037
23.500, 0.04529, 0.34438, -0.32891, -0.11479, -0.68528
23.517, 0.04664, 0.34661, -0.33178, -0.11972, -0.69941
23.533, 0.04800, 0.34827, -0.33415, -0.12475, -0.71275
23.550, 0.04935, 0.34938, -0.33601, -0.12988, -0.72531
23.567, 0.05070, 0.34993, -0.33738, -0.13512, -0.73708
23.583, 0.05205, 0.35001, -0.33824, -0.14046, -0.74808
23.600, 0.05340, 0.35000, -0.33858, -0.14590, -0.75828
23.617, 0.05475, 0.35000, -0.33860, -0.15145, -0.76771
23.633, 0.05610, 0.35000, -0.33859, -0.15711, -0.77635
23.650, 0.05745, 0.35000, -0.33859, -0.16286, -0.78421
23.667, 0.05880, 0.35000, -0.33859, -0.16868, -0.79128
23.683, 0.06015, 0.35000, -0.33859, -0.17450, -0.79757
23.700, 0.06150, 0.35000, -0.33859, -0.18031, -0.80308
23.717, 0.06285, 0.35000, -0.33859, -0.18612, -0.80780
23.733, 0.06420, 0.35000, -0.33859, -0.19193, -0.81175
23.750, 0.06555, 0.35000, -0.33859, -0.19774, -0.81490
23.767, 0.06690, 0.35000, -0.33859, -0.20355, -0.81728
23.783, 0.06825, 0.35000, -0.33859, -0.20936, -0.81887
23.800, 0.06961, 0.35000, -0.33859, -0.21517, -0.81967
23.817, 0.07096, 0.35000, -0.33859, -0.22098, -0.81976
23.833, 0.07231, 0.35000, -0.33859, -0.22679, -0.81976
23.850, 0.07366, 0.35000, -0.33859, -0.23260, -0.81976
23.867, 0.07501, 0.35000, -0.33859, -0.23841, -0.81976
23.883, 0.07636, 0.35000, -0.33859, -0.24422, -0.81976
23.900, 0.07771, 0.35000, -0.33859, -0.25004, -0.81976
23.917, 0.07906, 0.35000, -0.33859, -0.25584, -0.81976
23.933, 0.08041, 0.35000, -0.33859, -0.26158, -0.81976
23.950, 0.08176, 0.35000, -0.33859, -0.26722, -0.81976
23.967, 0.08311, 0.35000, -0.33859, -0.27275, -0.81976
23.983, 0.08446, 0.35000, -0.33859, -0.27817, -0.81976
24.000, 0.08581, 0.35000, -0.33859, -0.28349, -0.81976
24.017, 0.08716, 0.35000, -0.33859, -0.28870, -0.81976
24.033, 0.08851, 0.35000, -0.33859, -0.29382, -0.81976
24.050, 0.08986, 0.35000, -0.33859, -0.29883, -0.81976
24.067, 0.09122, 0.35000, -0.33859, -0.30373, -0.81976
24.083, 0.09257, 0.35000, -0.33859, -0.30853, -0.81976
24.100, 0.09392, 0.35000, -0.33859, -0.31323, -0.81976
24.117, 0.09527, 0.35000, -0.33859, -0.31783, -0.81976
24.133, 0.09662, 0.35000, -0.33859, -0.32232, -0.81976
24.150, 0.09797, 0.35000, -0.33859, -0.32671, -0.81976
24.167, 0.09932, 0.35000, -0.33859, -0.33099, -0.81976
24.183, 0.10067, 0.35000, -0.33859, -0.33517, -0.81976
24.200, 0.10202, 0.35000, -0.33859, -0.33925, -0.81976
24.217, 0.10337, 0.35000, -0.33859, -0.34322, -0.81976
24.233, 0.10472, 0.35000, -0.33859, -0.34709, -0.81976
24.250, 0.10607, 0.35000, -0.33859, -0.35086, -0.81976
24.267, 0.10742, 0.35000, -0.33859, -0.35452, -0.81976
24.283, 0.10877, 0.35000, -0.33859, -0.35808, -0.81976
24.300, 0.11012, 0.35000, -0.33859, -0.36154, -0.81976
24.317, 0.11147, 0.35000, -0.33859, -0.36489, -0.81976
24.333, 0.11283, 0.35000, -0.33859, -0.36814, -0.81976
24.350, 0.11417, 0.35000, -0.33859, -0.37129, -0.81976
24.367, 0.11553, 0.35000, -0.33859, -0.37433, -0.81976
24.383, 0.11688, 0.35000, -0.33859, -0.37727, -0.81976
24.400, 0.11821, 0.35000, -0.33859, -0.38010, -0.81976
24.417, 0.11949, 0.35000, -0.33859, -0.38283, -0.81976
24.433, 0.12072, 0.35000, -0.33859, -0.38546, -0.81976
24.450, 0.12190, 0.35000, -0.33859, -0.38799, -0.81976
24.467, 0.12303, 0.35000, -0.33859, -0.39041, -0.81976
24.483, 0.12411, 0.35000, -0.33859, -0.39273, -0.81976
24.500, 0.12513, 0.35000, -0.33859, -0.39494, -0.81976
24.517, 0.12611, 0.35000, -0.33859, -0.39705, -0.81976
24.533, 0.12703, 0.35000, -0.33859, -0.39906, -0.81976
24.550, 0.12791, 0.35000, -0.33859, -0.40096, -0.81976
24.567, 0.12873, 0.35000, -0.33859, -0.40276, -0.81976
24.583, 0.12951, 0.35000, -0.33859, -0.40446, -0.81976
24.600, 0.13023, 0.35000, -0.33859, -0.40605, -0.81976
24.617, 0.13090, 0.35000, -0.33859, -0.40754, -0.81976
24.633, 0.13152, 0.35000, -0.33859, -0.40893, -0.81976
24.650, 0.13210, 0.35000, -0.33859, -0.41021, -0.81976
24.667, 0.13262, 0.35000, -0.33859, -0.41139, -0.81976
24.683, 0.13309, 0.35000, -0.33859, -0.41247, -0.81976
24.700, 0.13350, 0.35000, -0.33859, -0.41344, -0.81976
24.717, 0.13387, 0.35000, -0.33859, -0.41431, -0.81976
24.733, 0.13419, 0.35000, -0.33859, -0.41507, -0.81976
24.750, 0.13446, 0.35000, -0.33859, -0.41573, -0.81976
24.767, 0.13467, 0.35000, -0.33859, -0.41629, -0.81976
24.783, 0.13484, 0.35000, -0.33859, -0.41675, -0.81976
24.800, 0.13496, 0.35000, -0.33859, -0.41710, -0.81976
24.817, 0.13502, 0.35000, -0.33859, -0.41734, -0.81976
24.833, 0.13503, 0.35000, -0.33859, -0.41749, -0.81976
24.850, 0.13503, 0.35000, -0.33859, -0.41753, -0.81976
24.867, 0.13503, 0.35000, -0.33859, -0.41752, -0.81976
24.883, 0.13503, 0.35000, -0.33859, -0.41751, -0.81976
24.900, 0.13503, 0.35000, -0.33859, -0.41752, -0.81976
24.917, 0.13503, 0.35000, -0.33859, -0.41752, -0.81976
24.933, 0.13503, 0.35000, -0.33859, -0.41751, -0.81976
24.950, 0.13503, 0.35000, -0.33859, -0.41752, -0.81976
24.967, 0.13503, 0.35000, -0.33859, -0.41752, -0.81976
24.983, 0.13503, 0.35000, -0.33859, -0.41752, -0.81976
25.000, 0.13503, 0.35000, -0.33859, -0.41752, -0.81976
25.017, 0.13503, 0.35000, -0.33859, -0.41752, -0.81976
25.033, 0.13503, 0.35000, -0.33859, -0.41752, -0.81976
25.050, 0.13503, 0.35000, -0.33859, -0.41752, -0.81976
25.067, 0.13503, 0.35000, -0.33859, -0.41752, -0.81976
25.083, 0.13503, 0.35000, -0.33859, -0.41752, -0.81976
25.100, 0.13503, 0.35000, -0.33859, -0.41752, -0.81976
25.117, 0.13503, 0.35000, -0.33859, -0.41752, -0.81976
25.133, 0.13503, 0.35000, -0.33859, -0.41752, -0.81976
25.150, 0.13503, 0.35000, -0.33859, -0.41752, -0.81976
25.167, 0.13503, 0.35000, -0.33859, -0.41752, -0.81976
25.183, 0.13503, 0.35000, -0.33859, -0.41752, -0.81976
25.200, 0.13503, 0.35000, -0.33859, -0.41752, -0.81976
25.217, 0.13503, 0.35000, -0.33859, -0.41752, -0.81976
25.233, 0.13503, 0.35000, -0.33859, -0.41752, -0.81976
25.250, 0.13503, 0.35000, -0.33859, -0.41752, -0.81976
25.267, 0.13503, 0.35000, -0.33859, -0.41752, -0.81976
25.283, 0.13503, 0.35000, -0.33859, -0.41752, -0.81976
25.300, 0.13503, 0.35000, -0.33859, -0.41752, -0.81976
25.317, 0.13503, 0.35000, -0.33859, -0.41752, -0.81976
25.333, 0.13503, 0.35000, -0.33859, -0.41752, -0.81976
25.350, 0.13503, 0.35000, -0.33859, -0.41752, -0.81976
25.367, 0.13503, 0.35000, -0.33859, -0.41752, -0.81976
25.383, 0.13503, 0.35000, -0.33859, -0.41752, -0.81976
25.400, 0.13503, 0.35000, -0.33859, -0.41752, -0.81976
25.417, 0.13503, 0.35000, -0.33859, -0.41752, -0.81976
25.433, 0.13503, 0.35000, -0.33859, -0.41752, -0.81976
25.450, 0.13503, 0.35000, -0.33859, -0.41751, -0.81976
25.467, 0.13503, 0.35000, -0.33859, -0.41751, -0.81976
25.483, 0.13503, 0.35000, -0.33859, -0.41752, -0.81976
25.500, 0.13503, 0.35000, -0.33859, -0.41752, -0.81976
25.517, 0.13503, 0.35000, -0.33859, -0.41750, -0.81976
25.533, 0.13503, 0.35000, -0.33859, -0.41740, -0.81976
25.550, 0.13502, 0.35000, -0.33859, -0.41718, -0.81976
25.567, 0.13495, 0.35000, -0.33859, -0.41686, -0.81976
25.583, 0.13484, 0.35000, -0.33859, -0.41643, -0.81976
25.600, 0.13467, 0.35000, -0.33859, -0.41590, -0.81976
25.617, 0.13445, 0.35000, -0.33859, -0.41527, -0.81976
25.633, 0.13419, 0.35000, -0.33859, -0.41454, -0.81976
25.650, 0.13387, 0.35000, -0.33859, -0.41370, -0.81976
25.667, 0.13350, 0.35000, -0.33859, -0.41276, -0.81976
25.683, 0.13308, 0.35000, -0.33859, -0.41171, -0.81976
25.700, 0.13261, 0.35000, -0.33859, -0.41056, -0.81976
25.717, 0.13209, 0.35000, -0.33859, -0.40931, -0.81976
25.733, 0.13151, 0.35000, -0.33859, -0.40795, -0.81976
25.750, 0.13089, 0.35000, -0.33859, -0.40649, -0.81976
25.767, 0.13022, 0.35000, -0.33859, -0.40493, -0.81976
25.783, 0.12949, 0.35000, -0.33859, -0.40326, -0.81976
25.800, 0.12872, 0.35000, -0.33859, -0.40149, -0.81976
25.817, 0.12789, 0.35000, -0.33859, -0.39962, -0.81976
25.833, 0.12702, 0.35000, -0.33859, -0.39764, -0.81976
25.850, 0.12609, 0.35000, -0.33859, -0.39556, -0.81976
25.867, 0.12511, 0.35000, -0.33859, -0.39338, -0.81976
25.883, 0.12409, 0.35000, -0.33859, -0.39109, -0.81976
25.900, 0.12301, 0.35000, -0.33859, -0.38870, -0.81976
25.917, 0.12188, 0.35000, -0.33859, -0.38620, -0.81976
25.933, 0.12070, 0.35000, -0.33859, -0.38360, -0.81976
25.950, 0.11947, 0.35000, -0.33859, -0.38090, -0.81976
25.967, 0.11819, 0.35000, -0.33859, -0.37810, -0.81976
25.983, 0.11685, 0.35000, -0.33859, -0.37519, -0.81976
26.000, 0.11550, 0.35000, -0.33859, -0.37217, -0.81976
26.017, 0.11415, 0.35000, -0.33859, -0.36906, -0.81976
26.033, 0.11280, 0.35000, -0.33859, -0.36584, -0.81976
26.050, 0.11145, 0.35000, -0.33859, -0.36252, -0.81976
26.067, 0.11010, 0.35000, -0.33859, -0.35909, -0.81976
26.083, 0.10875, 0.35000, -0.33859, -0.35556, -0.81976
26.100, 0.10740, 0.35000, -0.33859, -0.35193, -0.81976
26.117, 0.10605, 0.35000, -0.33859, -0.34819, -0.81976
26.133, 0.10470, 0.35000, -0.33859, -0.34435, -0.81976
26.150, 0.10335, 0.35000, -0.33859, -0.34040, -0.81976
26.167, 0.10200, 0.35000, -0.33859, -0.33636, -0.81976
26.183, 0.10065, 0.35000, -0.33859, -0.33221, -0.81976
26.200, 0.09929, 0.35000, -0.33859, -0.32795, -0.81976
26.217, 0.09794, 0.35000, -0.33859, -0.32359, -0.81976
26.233, 0.09659, 0.35000, -0.33859, -0.31913, -0.81976
26.250, 0.09524, 0.35000, -0.33859, -0.31457, -0.81976
26.267, 0.09389, 0.35000, -0.33859, -0.30990, -0.81976
26.283, 0.09254, 0.35000, -0.33859, -0.30513, -0.81976
26.300, 0.09119, 0.35000, -0.33859, -0.30025, -0.81976
26.317, 0.08984, 0.35000, -0.33859, -0.29527, -0.81976
26.333, 0.08849, 0.35000, -0.33859, -0.29019, -0.81976
26.350, 0.08714, 0.35000, -0.33859, -0.28500, -0.81976
26.367, 0.08579, 0.35000, -0.33859, -0.27971, -0.81976
26.383, 0.08444, 0.35000, -0.33859, -0.27432, -0.81976
26.400, 0.08309, 0.35000, -0.33859, -0.26882, -0.81976
26.417, 0.08174, 0.35000, -0.33859, -0.26322, -0.81976
26.433, 0.08039, 0.35000, -0.33859, -0.25752, -0.81976
26.450, 0.07904, 0.35000, -0.33859, -0.25171, -0.81976
26.467, 0.07769, 0.35000, -0.33859, -0.24589, -0.81976
26.483, 0.07633, 0.35000, -0.33859, -0.24009, -0.81976
26.500, 0.07498, 0.35000, -0.33859, -0.23428, -0.81976
26.517, 0.07363, 0.35000, -0.33859, -0.22847, -0.81976
26.533, 0.07228, 0.35000, -0.33859, -0.22265, -0.81976
26.550, 0.07093, 0.35000, -0.33859, -0.21684, -0.81976
26.567, 0.06958, 0.35000, -0.33859, -0.21103, -0.81959
26.583, 0.06823, 0.35000, -0.33859, -0.20522, -0.81863
26.600, 0.06688, 0.35000, -0.33859, -0.19941, -0.81689
26.617, 0.06553, 0.35000, -0.33859, -0.19360, -0.81437
26.633, 0.06418, 0.35000, -0.33859, -0.18779, -0.81107
26.650, 0.06283, 0.35000, -0.33859, -0.18198, -0.80698
26.667, 0.06148, 0.35000, -0.33859, -0.17617, -0.80211
26.683, 0.06013, 0.35000, -0.33859, -0.17036, -0.79646
26.700, 0.05878, 0.35000, -0.33859, -0.16455, -0.79002
26.717, 0.05743, 0.35000, -0.33859, -0.15876, -0.78280
26.733, 0.05608, 0.35000, -0.33860, -0.15307, -0.77480
26.750, 0.05472, 0.35000, -0.33859, -0.14749, -0.76601
26.767, 0.05337, 0.35000, -0.33859, -0.14202, -0.75644
26.783, 0.05202, 0.35000, -0.33828, -0.13665, -0.74608
26.800, 0.05067, 0.34996, -0.33744, -0.13138, -0.73494
26.817, 0.04932, 0.34950, -0.33611, -0.12622, -0.72302
26.833, 0.04797, 0.34846, -0.33428, -0.12116, -0.71032
26.850, 0.04662, 0.34687, -0.33194, -0.11620, -0.69683
26.867, 0.04527, 0.34472, -0.32910, -0.11135, -0.68256
26.883, 0.04392, 0.34202, -0.32576, -0.10660, -0.66750
26.900, 0.04257, 0.33876, -0.32191, -0.10195, -0.65166
26.917, 0.04122, 0.33495, -0.31757, -0.09741, -0.63504
26.933, 0.03987, 0.33058, -0.31271, -0.09297, -0.61763
26.950, 0.03852, 0.32565, -0.30736, -0.08863, -0.59944
26.967, 0.03717, 0.32017, -0.30150, -0.08440, -0.58047
26.983, 0.03582, 0.31414, -0.29514, -0.08027, -0.56072
27.000, 0.03447, 0.30755, -0.28828, -0.07625, -0.54017
27.017, 0.03311, 0.30040, -0.28091, -0.07233, -0.51886
27.033, 0.03176, 0.29270, -0.27304, -0.06851, -0.49673
27.050, 0.03041, 0.28444, -0.26467, -0.06479, -0.47432
27.067, 0.02906, 0.27563, -0.25579, -0.06118, -0.45192
27.083, 0.02771, 0.26626, -0.24641, -0.05768, -0.42952
27.100, 0.02636, 0.25634, -0.23653, -0.05427, -0.40712
27.117, 0.02501, 0.24586, -0.22614, -0.05097, -0.38472
27.133, 0.02366, 0.23482, -0.21530, -0.04777, -0.36232
27.150, 0.02231, 0.22327, -0.20438, -0.04468, -0.33992
27.167, 0.02096, 0.21159, -0.19346, -0.04169, -0.31753
27.183, 0.01961, 0.19993, -0.18254, -0.03880, -0.29558
27.200, 0.01825, 0.18826, -0.17162, -0.03602, -0.27446
27.217, 0.01692, 0.17659, -0.16070, -0.03334, -0.25411
27.233, 0.01564, 0.16493, -0.14979, -0.03076, -0.23455
27.250, 0.01440, 0.15326, -0.13887, -0.02829, -0.21577
27.267, 0.01322, 0.14159, -0.12795, -0.02592, -0.19777
27.283, 0.01209, 0.12993, -0.11703, -0.02366, -0.18056
27.300, 0.01101, 0.11830, -0.10642, -0.02150, -0.16413
27.317, 0.00998, 0.10710, -0.09633, -0.01944, -0.14848
27.333, 0.00900, 0.09647, -0.08674, -0.01748, -0.13362
27.350, 0.00807, 0.08639, -0.07765, -0.01563, -0.11954
27.367, 0.00719, 0.07687, -0.06906, -0.01388, -0.10624
27.383, 0.00636, 0.06791, -0.06098, -0.01224, -0.09373
27.400, 0.00558, 0.05950, -0.05339, -0.01070, -0.08200
27.417, 0.00485, 0.05165, -0.04632, -0.00926, -0.07106
27.433, 0.00418, 0.04435, -0.03974, -0.00793, -0.06089
27.450, 0.00355, 0.03761, -0.03367, -0.00670, -0.05152
27.467, 0.00298, 0.03142, -0.02810, -0.00557, -0.04292
27.483, 0.00245, 0.02579, -0.02303, -0.00455, -0.03511
27.500, 0.00198, 0.02071, -0.01847, -0.00363, -0.02808
27.517, 0.00156, 0.01619, -0.01441, -0.00281, -0.02184
27.533, 0.00118, 0.01223, -0.01085, -0.00210, -0.01637
27.550, 0.00086, 0.00882, -0.00780, -0.00149, -0.01170
27.567, 0.00059, 0.00596, -0.00525, -0.00098, -0.00780
27.583, 0.00037, 0.00367, -0.00320, -0.00058, -0.00469
27.600, 0.00020, 0.00192, -0.00166, -0.00028, -0.00236
27.617, 0.00008, 0.00074, -0.00061, -0.00009, -0.00082
27.633, 0.00001, 0.00010, -0.00007, 0.00001, -0.00006
